;;2022;2022;2022;2022;2022;2022;2022;2022;2022;2022;2022;2022;2023;2023;2023;2023;2023;2023;2023;2023;2023
;;January;February;March;April;May;June;July;August;September;October;November;December;January;February;March;April;May;June;July;August;September
CC13-01;Food and non-alcoholic beverages;106.5;107.6;108.5;112.0;114.0;115.0;117.3;118.9;121.0;122.6;124.0;125.1;127.0;129.9;131.5;130.8;130.5;130.4;130.1;129.7;130.3
CC13-011;  Food;106.8;108.0;108.9;112.7;114.6;115.7;118.1;119.9;122.1;123.8;125.2;126.4;128.4;131.5;133.2;132.1;131.7;131.5;131.1;130.7;131.2
CC13-0111;    Bread and cereals;106.2;107.2;108.5;111.5;113.8;115.6;117.8;120.5;122.6;124.2;126.1;127.6;130.3;133.2;134.3;135.3;135.8;136.8;137.3;136.9;137.3
CC13-01111;      Rice, including rice preparations;103.0;104.4;104.4;109.4;113.4;114.6;115.7;121.6;122.8;125.3;126.5;127.3;127.8;128.4;129.4;131.7;135.5;137.2;138.1;137.2;139.7
CC13-01112;      Flour and other cereals;118.5;119.3;121.3;127.8;135.5;140.2;137.2;137.6;137.0;136.4;148.4;150.7;154.0;157.6;158.6;158.4;158.7;158.9;159.7;159.7;159.4
CC13-01113;      Bread and bread rolls;108.3;108.9;109.4;112.2;114.5;116.8;119.9;120.7;122.9;124.6;127.0;128.1;129.6;130.7;131.2;132.3;132.5;133.0;133.1;133.3;133.7
CC13-01114;      Other bakery products;105.0;106.3;107.3;109.7;111.4;113.1;115.8;120.0;122.2;124.2;125.6;127.2;131.2;136.5;138.6;139.0;140.3;142.2;142.6;141.8;142.3
CC13-01115;      Pizza, quiches or the like;98.7;103.3;106.3;107.2;109.4;108.7;109.9;118.2;124.1;124.6;124.0;127.9;129.4;131.7;132.0;136.2;135.7;135.7;138.5;136.6;139.5
CC13-01116;      Pasta;107.2;107.9;112.0;119.4;124.1;124.9;122.3;127.4;127.8;130.3;132.8;134.0;139.0;142.3;144.8;145.3;145.8;145.8;147.2;147.0;143.9
CC13-01117;      Breakfast cereals;102.8;103.8;107.3;108.3;109.4;109.8;113.7;114.9;116.0;116.9;116.9;118.0;125.6;129.8;130.4;129.8;130.2;131.3;132.1;132.6;133.1
CC13-01118;      Other cereal products;100.5;100.3;100.5;102.7;103.1;106.1;107.5;108.4;110.2;110.1;111.3;112.0;110.3;111.4;112.8;114.5;114.4;115.6;116.2;114.2;117.2
CC13-0112;    Meat and meat products;105.2;105.3;106.7;114.1;119.2;121.1;121.7;122.2;123.3;124.0;124.7;124.7;125.1;125.4;125.6;126.1;127.1;127.8;128.6;129.2;129.4
CC13-01121;      Beef and veal;109.1;110.3;113.9;122.6;126.0;126.6;126.9;125.9;128.4;129.4;128.8;128.1;128.0;129.8;128.3;128.6;129.6;131.2;129.8;130.8;129.7
CC13-01122;      Pork;105.5;105.8;107.4;118.7;124.8;124.8;123.4;123.2;124.4;125.3;125.9;125.7;126.7;125.2;126.1;126.0;126.6;127.4;129.7;129.7;130.4
CC13-01123;      Lamb, goat meat;107.9;108.0;110.0;113.5;116.7;118.1;120.5;122.5;128.5;130.7;130.7;130.1;130.9;131.2;130.9;129.6;128.5;128.5;128.2;127.6;128.6
CC13-01124;      Poultry;109.8;109.3;112.2;115.5;127.8;133.8;137.2;137.7;139.1;139.6;142.1;142.6;142.3;143.6;142.1;142.0;143.0;143.6;142.9;143.5;143.3
CC13-01125;      Other meats;102.2;102.6;103.0;102.8;103.7;104.0;103.8;105.2;107.0;110.1;113.0;114.2;116.7;116.5;117.5;117.9;119.7;118.6;118.9;119.9;120.1
CC13-01126;      Liver or other edible offal;103.2;104.0;105.0;106.9;108.0;109.3;109.9;110.3;112.6;113.9;114.8;114.6;112.7;114.0;114.8;116.8;117.2;118.1;118.1;118.5;118.4
CC13-01127;      Meat products and sausages;102.9;102.6;103.1;110.7;114.8;116.5;117.3;118.3;118.7;119.2;119.8;120.2;120.9;120.6;121.5;122.2;123.3;123.7;125.1;125.6;125.9
CC13-01128;      Other meat, processed and prepared;105.1;105.4;106.2;113.1;116.9;119.0;119.5;120.2;121.4;122.1;122.5;121.9;122.0;123.4;123.7;124.5;126.0;126.5;127.6;128.3;129.0
CC13-0113;    Fish, fish products and seafood;103.5;103.9;105.2;108.0;109.9;111.3;113.1;115.9;118.2;118.9;121.2;122.4;124.9;127.6;128.6;129.3;130.8;131.9;129.0;129.2;129.6
CC13-01131;      Fresh or chilled fish and fish filets;109.4;108.2;111.4;115.6;116.9;118.5;119.2;119.9;121.3;121.2;124.3;124.1;127.8;129.2;129.7;130.5;130.1;131.3;128.3;128.1;127.2
CC13-01132;      Frozen fish and fish filets;102.7;102.7;103.8;108.6;109.4;110.7;112.4;115.3;118.6;119.9;121.7;125.9;130.1;133.4;135.2;136.5;138.7;139.0;134.3;132.7;133.6
CC13-01133;      Fresh or chilled seafood;101.6;102.2;102.5;103.4;104.2;105.9;107.7;109.8;110.7;111.2;111.4;112.0;113.4;113.7;113.7;114.5;114.6;114.3;113.6;113.5;113.4
CC13-01134;      Frozen seafood;99.6;99.5;99.4;99.9;100.9;100.8;102.1;101.7;104.2;104.4;105.4;105.7;105.9;106.3;106.5;107.8;107.5;108.4;108.3;107.3;108.4
CC13-01135;      Dried, smoked or salted fish;98.6;100.6;102.6;105.0;109.6;110.9;110.9;115.4;119.3;119.0;120.2;121.2;120.1;122.8;123.8;123.5;125.3;126.5;127.5;127.8;128.1
CC13-01136;      Tinned fish and other fish preparations;104.5;105.1;106.2;108.3;110.4;112.2;114.9;118.5;120.3;121.1;124.3;124.5;127.4;130.6;131.6;132.3;134.3;136.1;132.3;133.9;134.3
CC13-0114;    Dairy products and eggs;107.4;108.5;109.5;112.3;116.8;120.0;129.4;132.4;134.8;135.1;141.0;142.6;145.8;146.8;147.4;147.5;146.3;143.9;141.8;141.9;141.4
CC13-01141;      Whole milk;107.2;108.2;111.6;113.2;115.4;116.8;132.3;136.3;138.7;138.8;139.7;139.9;144.0;143.5;143.5;143.5;144.2;136.8;132.0;130.7;129.2
CC13-01142;      Low fat milk;108.3;109.2;113.6;116.1;118.8;120.0;136.8;140.7;142.0;141.7;142.6;143.4;148.6;148.7;148.6;147.8;148.3;143.1;138.7;137.0;136.3
CC13-01143;      Condensed milk;105.5;107.2;110.2;110.6;116.3;119.1;135.7;142.0;147.3;149.3;151.2;151.8;159.8;160.7;160.4;163.3;164.6;162.3;159.4;158.3;155.4
CC13-01144;      Yoghurt ;106.0;108.0;106.2;109.0;109.0;112.0;119.4;121.5;130.1;127.4;132.1;131.8;131.8;134.7;135.5;136.1;136.0;136.7;133.9;136.6;134.7
CC13-01145;      Cheese and curd;106.1;107.2;107.8;110.2;116.9;120.8;129.6;133.0;134.2;135.4;145.4;148.0;152.0;153.2;153.8;153.9;151.1;148.5;147.0;147.0;147.0
CC13-01146;      Other dairy products;106.5;106.6;108.0;108.2;111.4;115.3;128.4;131.5;135.8;134.9;137.5;139.3;143.4;143.7;144.8;144.2;144.7;142.4;140.1;139.5;138.8
CC13-01147;      Eggs;114.9;116.4;117.4;125.7;129.7;131.8;132.1;132.4;132.7;133.5;134.2;134.9;134.3;134.8;135.5;136.6;136.6;136.2;136.6;137.0;137.2
CC13-0115;    Edible fats and oils;117.9;119.2;120.5;132.6;147.0;154.0;155.5;156.7;158.3;158.4;158.1;160.5;157.8;146.4;141.9;137.6;136.6;135.3;135.4;134.9;135.9
CC13-01151;      Butter;120.1;120.0;120.7;136.6;149.9;154.9;156.7;158.7;160.1;159.5;158.7;161.2;151.6;130.0;120.9;116.6;115.0;114.0;115.3;112.8;113.6
CC13-01152;      Margarine or vegetable fat;115.5;117.4;117.8;122.2;131.6;136.4;138.1;140.1;145.2;148.8;148.0;149.4;163.1;167.8;167.8;167.8;168.0;163.8;161.8;160.6;160.9
CC13-01153;      Olive oil;104.7;105.9;106.5;110.8;112.6;114.5;117.8;117.2;117.6;116.9;117.9;122.0;123.1;124.6;127.9;130.9;135.9;139.0;143.9;154.1;158.6
CC13-01154;      Sunflower oil, rapeseed oil or the like;126.0;132.4;137.2;151.3;189.5;211.8;210.0;208.6;208.3;208.3;208.9;211.0;212.4;210.7;211.4;194.1;187.9;184.2;176.8;174.3;173.7
CC13-01155;      Lard or other fats of animal origin;107.1;109.7;111.3;113.1;116.9;123.6;127.7;129.5;131.7;132.1;132.6;135.0;134.5;131.6;129.4;131.5;132.0;131.8;131.5;132.0;130.0
CC13-0116;    Fruit;104.2;104.6;105.1;105.9;106.1;105.7;104.7;105.8;107.0;106.2;105.8;107.4;109.4;112.4;112.9;112.5;113.7;114.3;114.5;113.4;115.0
CC13-01161;      Fresh or chilled fruit;104.5;104.7;105.3;106.0;106.3;105.3;103.6;104.7;105.9;104.8;103.9;105.3;106.8;110.2;110.6;109.7;111.1;111.6;112.1;110.7;112.5
CC13-01162;      Frozen fruit;116.0;118.8;121.4;122.0;123.3;124.1;124.2;125.8;128.0;129.7;131.3;132.6;132.7;133.1;133.1;133.9;134.1;134.4;134.5;133.9;134.5
CC13-01163;      Dried fruit, nuts or the like;100.7;101.5;102.2;102.7;101.9;103.6;104.6;105.7;107.1;106.9;108.3;109.2;112.9;113.8;114.1;115.9;115.9;116.2;116.2;116.1;117.4
CC13-01164;      Tinned fruit;107.8;108.7;108.1;109.9;111.8;113.4;114.8;115.7;116.4;117.3;118.5;125.1;130.1;134.6;136.0;137.1;139.1;140.7;140.4;138.4;138.1
CC13-0117;    Vegetables;113.1;118.1;118.6;122.8;113.7;109.5;110.5;111.3;116.1;123.2;121.1;122.6;126.1;141.8;151.0;139.6;133.4;130.1;127.9;125.1;125.9
CC13-01171;      Fresh or chilled vegetables (excluding potatoes);116.4;123.9;123.5;128.0;112.4;104.3;104.7;106.9;112.0;122.2;116.8;118.0;122.6;145.6;158.4;140.3;129.9;121.4;116.7;113.0;115.7
CC13-01172;      Frozen vegetables (excluding potatoes);105.8;106.0;106.4;106.4;107.7;108.7;114.1;116.8;118.1;119.5;122.1;123.9;125.3;126.8;128.8;130.2;131.8;134.2;136.2;137.6;138.5
CC13-01173;      Dried vegetables and preserved vegetables;112.9;113.4;113.9;117.1;118.7;119.5;121.5;122.5;133.7;136.3;139.8;142.8;144.4;146.2;148.0;148.9;149.3;150.0;150.5;149.8;150.7
CC13-01174;      Fresh, chilled and processed potatoes;101.1;100.8;105.8;112.5;116.4;122.4;124.1;117.9;115.6;116.1;121.1;122.5;122.9;125.2;126.0;128.3;131.6;146.8;151.5;149.4;141.4
CC13-01175;      Potato crisps and potato sticks;106.3;109.7;110.4;109.8;114.9;119.2;121.5;119.5;123.6;124.2;128.1;129.5;133.2;136.3;147.3;145.3;145.3;146.3;150.9;147.6;146.0
CC13-0118;    Sugar, jam, honey and other confectionery;104.6;104.8;105.3;104.6;107.3;107.8;108.1;110.8;113.1;115.8;117.0;118.2;119.3;120.4;123.1;125.1;126.5;128.7;128.5;129.7;130.4
CC13-01181;      Sugar;105.7;105.5;105.4;105.7;105.8;106.3;105.1;106.4;106.1;145.9;154.0;169.8;177.1;179.2;180.1;180.7;180.7;181.7;181.1;182.1;181.7
CC13-01182;      Jam, marmelade, honey or the like;105.1;106.4;106.9;108.6;110.5;111.9;113.1;114.1;115.3;116.2;121.2;123.2;125.9;127.8;128.2;129.1;129.0;130.2;128.8;128.1;128.6
CC13-01183;      Chocolate;105.9;106.1;106.1;103.8;108.0;107.4;107.1;112.0;115.7;117.0;115.9;116.2;116.2;118.4;123.1;124.3;126.4;128.5;127.8;129.2;130.6
CC13-01184;      Confectionery products;103.3;102.4;103.4;104.3;105.1;105.7;106.3;107.2;109.1;109.8;110.2;110.6;111.5;112.4;113.9;116.6;117.6;120.6;121.3;124.5;124.8
CC13-01185;      Ice cream;103.0;104.1;105.3;102.0;106.3;108.2;108.6;111.9;113.3;113.9;115.2;115.1;115.3;113.1;115.8;120.7;123.4;126.7;127.4;126.8;127.3
CC13-01186;      Sweeteners ;93.5;93.4;93.4;97.9;99.0;99.7;99.9;101.5;106.6;118.6;122.3;124.2;125.1;125.3;125.7;115.3;114.6;114.8;113.9;113.5;113.6
CC13-0119;    Food products n.e.c.;102.0;102.9;103.3;106.2;107.9;109.6;112.2;114.4;115.9;118.3;120.2;121.9;123.6;126.0;126.9;128.2;128.9;130.2;130.9;131.5;131.9
CC13-01191;      Sauces and condiments;102.9;103.8;104.6;107.3;110.3;112.1;116.0;117.4;121.0;126.5;130.1;132.4;134.8;138.1;139.7;140.9;141.7;143.6;144.2;145.5;147.0
CC13-01192;      Table salt, culinary herbs and flavourings;101.4;101.7;102.1;104.3;105.3;105.2;106.6;110.2;111.5;112.7;114.0;114.8;115.6;116.3;117.6;118.1;118.4;118.4;118.6;119.0;119.1
CC13-01193;      Baby food;106.2;107.0;107.8;108.3;109.0;110.1;111.5;112.4;112.7;113.9;116.6;117.9;118.8;119.7;120.9;121.8;122.2;122.4;123.0;122.9;123.4
CC13-01194;      Convenience food n.e.c.;101.3;101.9;101.9;102.8;103.6;106.0;107.2;108.4;108.3;108.5;108.8;111.1;113.8;115.4;115.3;116.4;117.5;119.3;120.2;120.6;120.6
CC13-01199;      Soups and other food preparations;101.0;102.3;102.4;107.2;108.4;110.7;113.6;116.7;117.0;117.7;118.9;120.0;121.2;123.9;124.4;126.3;127.2;128.4;129.3;129.5;128.9
CC13-012;  Non-alcoholic beverages;104.5;104.6;105.3;106.9;109.1;110.1;111.0;111.7;112.9;114.1;115.1;115.3;116.5;118.0;119.2;121.3;121.6;122.2;122.7;121.8;123.7
CC13-0121;    Coffee, tea and cocoa;106.1;107.8;108.9;110.4;114.0;115.9;115.3;118.7;120.3;120.4;120.9;120.5;122.6;120.7;120.0;119.5;118.3;120.3;119.9;119.6;121.5
CC13-01211;      Coffee or the like;107.4;109.2;110.9;112.2;116.9;119.1;118.3;122.6;124.6;124.7;124.8;124.5;126.6;123.6;122.7;121.8;120.2;122.3;121.5;120.5;123.1
CC13-01212;      Tea;102.2;103.1;102.3;104.6;104.8;106.1;106.2;106.2;106.7;106.2;108.5;107.6;108.6;110.1;110.2;110.8;110.0;111.9;112.4;114.4;113.9
CC13-01213;      Cocoa powder or the like;102.1;104.2;104.4;105.7;106.7;107.2;107.2;108.7;109.9;111.2;111.6;112.1;119.1;121.1;121.7;122.8;127.3;127.8;128.8;131.2;132.7
CC13-0122;    Mineral water, soft drinks and juices;103.8;103.3;103.8;105.4;107.0;107.5;109.1;108.8;109.7;111.3;112.6;113.0;113.8;116.8;118.9;122.1;123.0;123.1;124.0;122.8;124.7
CC13-01221;      Mineral water;103.4;102.8;103.6;109.4;110.0;111.0;111.0;112.4;111.8;112.7;112.3;113.1;113.9;115.4;116.8;121.8;122.9;123.1;122.9;123.1;123.6
CC13-01222;      Refreshments (excluding mineral water);106.0;104.7;105.5;104.1;106.4;106.1;109.9;107.7;109.4;112.4;113.6;113.5;113.6;117.4;119.1;120.5;120.7;120.1;122.1;119.0;121.2
CC13-01223;      Fruit and vegetable juices;101.5;102.0;101.5;101.6;103.7;104.6;105.3;105.1;107.4;107.9;111.8;112.3;114.2;117.9;121.4;124.7;126.4;127.2;128.1;127.6;131.1
CC13-02;Alcoholic beverages and tobacco;104.5;105.2;105.7;106.5;107.0;107.9;108.4;109.0;109.4;109.7;109.9;111.0;113.0;113.7;115.2;116.1;116.8;117.4;118.2;118.9;119.0
CC13-021;  Alcoholic beverages;102.2;102.2;102.4;103.7;104.6;106.1;106.9;107.8;108.8;109.4;108.9;109.5;110.5;111.2;113.6;115.5;116.4;117.2;117.3;118.2;118.1
CC13-0211;    Spirits;102.4;102.4;102.5;103.7;104.5;105.5;105.6;106.2;106.3;107.2;107.3;108.0;108.5;110.4;111.0;112.3;113.2;113.9;114.3;114.3;114.3
CC13-02111;      Liqueur and other spirits;102.4;102.4;102.5;103.7;104.5;105.6;105.6;106.2;106.3;107.1;107.3;108.0;108.5;110.4;110.9;112.2;113.0;113.7;114.1;114.1;114.1
CC13-02112;      Refreshments, alcohol content of less than 6%;102.0;102.3;101.7;103.6;103.2;104.4;105.3;105.8;107.0;108.1;108.1;108.9;108.6;110.4;112.1;114.4;117.7;119.0;118.6;118.9;119.2
CC13-0212;    Wine;102.2;101.9;102.9;103.8;105.1;106.2;107.8;108.6;109.0;109.3;109.8;110.0;110.7;110.8;113.0;114.1;114.9;116.6;117.0;117.9;117.5
CC13-02121;      Wine from grapes;102.3;102.1;103.0;104.0;105.3;106.4;108.1;108.9;109.2;109.4;110.0;110.1;110.9;110.8;112.9;114.1;114.8;116.5;117.0;117.8;117.4
CC13-02122;      Pome fruit wine or wine from other fruits;103.0;103.1;105.0;105.5;105.8;106.9;108.1;109.0;109.4;111.2;111.2;111.4;113.1;116.3;117.9;118.8;120.6;122.8;119.6;123.7;123.1
CC13-02123;      Wine, alcohol content more than 15%;100.4;100.4;100.8;101.0;101.4;101.5;102.1;102.3;102.4;102.7;102.8;103.0;104.0;104.8;106.2;107.2;107.7;109.2;109.6;109.9;110.8
CC13-02124;      Other wine-based drinks;99.1;98.9;99.4;100.7;101.8;101.6;102.3;105.2;107.3;107.5;108.1;108.5;107.7;109.3;115.1;115.5;118.0;118.1;119.6;120.2;120.4
CC13-0213;    Beer;102.2;102.5;101.9;103.6;104.0;106.5;106.7;107.8;110.0;110.9;108.8;109.7;111.4;112.3;115.8;119.1;120.3;120.0;119.4;121.0;121.0
CC13-02131;      Pils, dark beer or other lager beer;102.0;102.1;101.4;103.5;103.7;106.4;106.4;108.0;110.3;111.4;108.5;109.6;111.8;112.3;115.7;119.0;120.3;119.6;118.7;121.0;120.8
CC13-02132;      Wheat beer, Alt beer or other top-fermented beer;101.9;103.1;103.8;102.9;104.0;105.4;106.9;107.7;108.9;108.2;109.4;110.1;109.1;111.9;113.5;116.0;118.2;118.1;118.9;119.1;119.9
CC13-02133;      Non-alcoholic beer, malt beer or the like;103.5;103.9;103.6;104.0;105.2;107.8;108.2;107.2;111.0;111.6;110.7;110.7;112.0;113.8;118.4;120.6;120.8;122.6;121.5;121.0;122.5
CC13-02134;      Beer-based drinks;103.3;103.7;102.7;103.8;105.4;106.2;107.2;107.5;107.1;108.2;108.7;109.9;110.1;111.3;115.8;120.2;121.3;122.1;123.1;122.7;122.4
CC13-022;  Tobacco;106.4;107.5;108.4;108.7;109.0;109.4;109.6;109.9;109.9;110.0;110.7;112.3;114.9;115.6;116.5;116.7;117.0;117.5;119.0;119.4;119.7
CC13-0220;    Tobacco;106.4;107.5;108.4;108.7;109.0;109.4;109.6;109.9;109.9;110.0;110.7;112.3;114.9;115.6;116.5;116.7;117.0;117.5;119.0;119.4;119.7
CC13-02201;      Cigarettes;106.7;108.0;108.8;109.2;109.6;109.9;109.7;110.0;110.0;110.0;110.4;112.4;114.9;115.5;116.0;116.0;116.4;116.9;118.5;118.9;119.3
CC13-02202;      Cigars and small cigars;102.6;102.6;102.7;103.8;103.8;103.8;103.8;103.9;103.9;103.9;105.7;105.9;107.3;107.4;108.4;109.6;109.9;110.2;109.1;113.3;111.4
CC13-02203;      Tobacco, refills or the like for e-cigarettes;105.4;106.2;107.0;107.0;107.0;108.0;109.9;110.3;110.5;110.8;112.7;112.7;116.0;117.2;119.5;120.4;120.9;121.2;122.3;122.7;123.0
CC13-03;Clothing and footwear;97.9;97.5;101.8;102.7;103.3;101.6;99.1;100.1;104.7;106.2;106.8;105.6;100.6;101.7;106.3;108.0;108.2;107.0;101.9;103.6;108.1
CC13-031;  Clothing;97.9;97.8;102.2;103.2;103.8;101.9;99.0;100.2;105.2;106.5;107.3;106.1;100.7;102.1;107.0;108.8;108.8;107.7;101.8;103.6;108.9
CC13-0311;    Clothing materials;104.7;105.4;106.0;105.6;105.4;104.1;103.3;104.0;105.3;105.3;105.9;108.2;108.1;106.8;108.0;108.1;104.7;105.8;106.9;108.2;107.0
CC13-03110;      Clothing materials;104.7;105.4;106.0;105.6;105.4;104.1;103.3;104.0;105.3;105.3;105.9;108.2;108.1;106.8;108.0;108.1;104.7;105.8;106.9;108.2;107.0
CC13-0312;    Garments;97.6;97.4;102.0;103.0;103.6;101.6;98.6;99.7;105.0;106.3;107.1;105.8;100.1;101.5;106.7;108.6;108.7;107.4;101.1;103.0;108.6
CC13-03121;      Men's wear;99.0;99.2;103.2;103.6;103.7;102.5;100.1;100.4;104.0;105.3;106.4;105.2;101.6;104.1;106.4;107.3;108.1;107.4;101.9;104.6;109.1
CC13-03122;      Women's wear;96.3;95.8;100.7;101.7;102.9;100.4;97.4;98.6;104.7;106.0;106.7;105.1;98.6;99.5;106.1;108.2;107.9;106.7;100.1;101.2;107.4
CC13-03123;      Children's wear;100.2;100.8;105.4;108.0;106.7;105.4;100.2;103.3;108.9;110.9;110.9;110.5;103.1;104.8;110.5;113.6;113.7;111.0;104.0;107.9;112.9
CC13-0313;    Other articles of clothing a. clothing accessories;102.1;102.7;104.6;105.4;107.2;107.1;105.7;107.8;108.6;109.3;109.5;109.5;108.5;108.2;110.1;111.4;110.7;111.2;109.7;110.0;111.7
CC13-03131;      Other garments;101.7;102.2;104.4;105.4;107.5;107.1;105.1;107.5;108.3;108.8;108.8;108.8;107.4;107.3;109.2;111.0;110.1;110.4;108.7;109.1;111.0
CC13-03132;      Clothing accessories;103.5;104.6;105.5;105.5;105.9;107.3;107.7;108.9;109.8;111.1;112.1;112.2;112.4;111.8;113.1;113.0;112.9;114.0;113.1;113.4;114.3
CC13-0314;    Dry cleaning, other services relating to clothing;104.3;104.7;105.7;106.6;107.3;107.8;108.3;108.9;109.6;110.9;113.3;113.9;114.7;115.1;115.6;116.7;117.3;118.0;118.6;118.8;119.2
CC13-03141;      Dry cleaning, laundering and ironing of garments;104.3;104.6;105.9;106.8;107.7;108.2;108.8;109.7;110.3;111.8;114.6;115.5;116.4;117.2;117.8;119.4;120.1;120.9;121.9;122.0;122.6
CC13-03142;      Altering and repair of garments;104.4;104.7;105.3;106.2;106.8;107.2;107.7;107.9;108.5;109.7;111.4;111.4;112.0;112.1;112.4;112.7;113.0;113.5;113.8;113.8;114.0
CC13-032;  Footwear;97.9;95.9;99.4;100.2;100.6;100.1;99.3;99.6;102.3;104.2;104.2;102.8;99.9;99.6;102.7;103.4;104.5;103.1;102.6;103.2;104.2
CC13-0321;    Shoes and other footwear;97.8;95.7;99.3;100.1;100.5;100.0;99.1;99.4;102.1;104.1;104.0;102.6;99.7;99.4;102.4;103.2;104.3;102.9;102.3;103.0;103.9
CC13-03211;      Men's shoes;101.0;100.4;101.1;102.0;102.0;103.3;102.3;103.6;103.3;105.5;106.5;105.2;103.1;102.9;103.9;106.5;106.9;106.1;105.0;106.2;106.7
CC13-03212;      Women's shoes;94.9;92.4;98.2;98.5;99.3;97.2;97.1;96.8;101.1;102.7;102.7;100.7;97.6;97.3;101.5;101.3;102.8;100.7;100.8;100.2;101.9
CC13-03213;      Children's shoes;100.9;97.4;99.2;101.5;101.2;102.4;99.0;99.5;103.4;106.0;103.4;103.7;99.4;98.9;102.5;102.7;104.0;103.5;102.0;105.6;105.2
CC13-0322;    Repair of footwear;106.3;107.0;108.2;109.1;109.6;110.1;111.0;112.3;112.9;114.1;114.7;115.6;116.6;117.3;117.7;118.1;118.7;119.3;119.6;119.9;120.4
CC13-03220;      Repair of footwear;106.3;107.0;108.2;109.1;109.6;110.1;111.0;112.3;112.9;114.1;114.7;115.6;116.6;117.3;117.7;118.1;118.7;119.3;119.6;119.9;120.4
CC13-04;Housing, water, electricity, gas and other fuels;104.7;105.4;107.3;107.6;108.4;109.0;109.1;109.9;111.1;112.7;113.1;110.4;114.0;114.1;114.3;114.5;114.5;114.5;114.6;115.0;115.0
CC13-041;  Actual rentals for housing;102.2;102.4;102.5;102.7;102.9;103.0;103.2;103.3;103.5;103.7;103.8;103.9;104.2;104.4;104.6;104.8;105.0;105.1;105.3;105.5;105.6
CC13-0411;    Actual net rent;102.3;102.5;102.6;102.8;103.0;103.2;103.3;103.5;103.6;103.8;104.0;104.1;104.4;104.6;104.8;105.0;105.2;105.3;105.5;105.8;105.9
CC13-04110;      Actual net rent;102.3;102.5;102.6;102.8;103.0;103.2;103.3;103.5;103.6;103.8;104.0;104.1;104.4;104.6;104.8;105.0;105.2;105.3;105.5;105.8;105.9
CC13-0412;    Other rentals;101.4;101.5;101.6;101.7;101.8;102.0;102.0;102.1;102.2;102.3;102.4;102.5;102.6;102.6;102.8;102.9;103.0;103.1;103.3;103.4;103.5
CC13-04122;      Rental for garages or other rents;101.4;101.5;101.6;101.7;101.8;102.0;102.0;102.1;102.2;102.3;102.4;102.5;102.6;102.6;102.8;102.9;103.0;103.1;103.3;103.4;103.5
CC13-042;  Imputed net rent;101.8;102.0;102.2;102.3;102.5;102.5;102.6;102.8;102.9;103.3;103.4;103.4;103.8;104.0;104.2;104.3;104.4;104.7;104.8;105.0;105.1
CC13-0421;    Imputed net rent;101.8;102.0;102.2;102.3;102.5;102.5;102.6;102.8;102.9;103.3;103.4;103.4;103.8;104.0;104.2;104.3;104.4;104.7;104.8;105.0;105.1
CC13-04210;      Imputed net rent;101.8;102.0;102.2;102.3;102.5;102.5;102.6;102.8;102.9;103.3;103.4;103.4;103.8;104.0;104.2;104.3;104.4;104.7;104.8;105.0;105.1
CC13-043;  Maintenance and repair of the dwelling;110.0;110.5;111.0;113.8;114.7;115.1;118.3;118.6;118.8;121.3;121.6;121.9;124.1;124.3;124.5;126.3;127.1;127.3;128.4;128.4;128.5
CC13-0431;    Materials f. maintenance a. repair of the dwelling;107.5;108.3;109.2;110.1;111.6;112.4;114.0;114.5;115.0;115.8;116.2;116.5;116.9;117.3;117.7;118.0;118.4;118.7;119.0;118.7;118.9
CC13-04310;      Materials f. maintenance a. repair of the dwelling;107.5;108.3;109.2;110.1;111.6;112.4;114.0;114.5;115.0;115.8;116.2;116.5;116.9;117.3;117.7;118.0;118.4;118.7;119.0;118.7;118.9
CC13-0432;    Services for maintenance a. repair of the dwelling;112.7;112.9;113.0;117.8;117.9;118.0;122.9;122.9;122.9;127.2;127.3;127.8;131.7;131.7;131.8;135.2;136.5;136.5;138.6;138.8;138.8
CC13-04321;      Works on gas, water and drainage systems;114.8;114.8;114.8;120.5;120.5;120.5;126.6;126.6;126.6;131.9;131.9;131.9;137.3;137.3;137.3;143.3;143.3;143.3;146.3;146.3;146.3
CC13-04322;      Electrical installation;114.7;114.7;114.7;120.7;120.7;120.7;125.9;125.9;125.9;129.9;129.9;129.9;134.3;134.3;134.3;138.8;138.8;138.8;140.7;140.7;140.7
CC13-04323;      Works on heating systems and water heating systems;113.5;113.5;113.5;118.9;118.9;118.9;124.9;124.9;124.9;130.4;130.4;130.4;135.1;135.1;135.1;139.9;140.7;140.7;143.6;143.6;143.6
CC13-04324;      Works of painters or paperhangers;110.2;110.2;110.2;114.5;114.5;114.5;118.3;118.3;118.3;122.3;122.3;122.3;125.2;125.2;125.2;125.2;129.5;129.5;131.2;131.2;131.2
CC13-04325;      Carpentry work;114.9;114.9;114.9;121.2;121.2;121.2;128.2;128.2;128.2;133.3;133.3;133.3;137.3;137.3;137.3;142.1;142.1;142.1;143.2;143.2;143.2
CC13-04329;      Small services of other craftsmen;107.9;109.1;110.4;110.6;111.7;112.3;113.1;113.4;113.7;114.3;115.0;119.9;120.9;121.1;121.8;122.8;123.3;123.5;123.7;126.0;126.1
CC13-044;  Water supply, misc. services rel. to the dwelling;103.9;104.1;104.3;104.5;104.6;104.7;104.8;104.9;104.9;105.3;105.5;105.6;107.8;107.9;108.2;108.7;109.0;109.0;109.2;109.6;109.6
CC13-0441;    Water supply;104.6;104.9;105.0;105.0;105.0;105.0;105.3;105.4;105.4;105.7;105.7;105.7;109.8;109.9;110.1;110.4;110.5;110.5;110.6;111.6;111.6
CC13-04410;      Water supply;104.6;104.9;105.0;105.0;105.0;105.0;105.3;105.4;105.4;105.7;105.7;105.7;109.8;109.9;110.1;110.4;110.5;110.5;110.6;111.6;111.6
CC13-0442;    Refuse collection;105.7;106.0;106.1;106.1;106.1;106.1;106.1;106.1;106.1;106.1;106.1;106.1;107.7;107.8;107.8;107.9;107.9;107.9;107.9;108.2;108.2
CC13-04420;      Refuse collection;105.7;106.0;106.1;106.1;106.1;106.1;106.1;106.1;106.1;106.1;106.1;106.1;107.7;107.8;107.8;107.9;107.9;107.9;107.9;108.2;108.2
CC13-0443;    Sewage disposal;103.0;103.2;103.2;103.3;103.3;103.3;103.3;103.3;103.3;103.3;103.3;103.3;106.3;106.4;106.6;106.6;106.6;106.8;106.8;106.7;106.7
CC13-04430;      Sewage disposal;103.0;103.2;103.2;103.3;103.3;103.3;103.3;103.3;103.3;103.3;103.3;103.3;106.3;106.4;106.6;106.6;106.6;106.8;106.8;106.7;106.7
CC13-0444;    Other services relating to the dwelling n.e.c.;103.4;103.6;103.9;104.3;104.5;104.7;104.8;104.9;104.9;105.7;106.1;106.2;107.6;107.8;108.2;109.1;109.6;109.6;109.9;110.3;110.4
CC13-04441;      Real estate, services for gardening or the like;103.2;103.4;103.7;104.2;104.3;104.5;104.7;104.8;104.9;105.7;106.1;106.2;107.4;107.6;108.0;108.9;109.5;109.5;109.7;110.2;110.2
CC13-04449;      Chimney sweeping, pavement and street cleaning;104.4;105.0;105.1;105.3;105.5;105.6;105.6;105.3;105.2;105.8;105.9;106.2;108.8;109.1;109.8;110.6;110.7;110.8;111.2;111.3;111.4
CC13-045;  Electricity, gas and other fuels;115.1;118.6;128.9;129.7;133.1;136.3;135.9;139.9;146.5;154.0;155.7;139.0;157.1;156.8;157.1;157.1;156.2;155.4;154.9;155.9;155.7
CC13-0451;    Electricity;110.5;113.4;118.4;120.0;122.3;123.4;115.3;116.7;121.9;127.9;129.7;130.4;138.9;139.6;138.7;138.5;137.8;136.3;135.6;136.1;135.4
CC13-04510;      Electricity;110.5;113.4;118.4;120.0;122.3;123.4;115.3;116.7;121.9;127.9;129.7;130.4;138.9;139.6;138.7;138.5;137.8;136.3;135.6;136.1;135.4
CC13-0452;    Gas, including operating costs ;120.6;124.8;132.8;138.1;143.9;147.5;158.8;166.7;176.6;188.3;195.8;151.7;186.9;190.3;193.7;195.2;196.3;196.6;196.7;196.8;196.1
CC13-04521;      Natural gas, including operating costs;119.1;123.3;129.2;134.0;140.6;145.4;157.0;165.4;175.7;187.9;196.2;151.3;187.5;190.6;194.0;196.0;197.3;197.9;198.2;198.2;197.3
CC13-04522;      Liquefied gas, charging of a tank container;178.7;179.4;266.5;294.3;266.0;226.9;223.5;217.1;210.5;204.1;179.9;166.4;165.4;178.7;179.8;164.1;157.4;146.8;141.1;144.3;152.5
CC13-0453;    Heating oil, including operating costs;128.9;136.1;197.6;173.2;178.9;194.6;198.6;205.9;214.1;222.6;207.3;195.0;193.5;185.9;184.6;178.6;168.8;167.5;166.2;175.5;179.2
CC13-04530;      Heating oil, including operating costs;128.9;136.1;197.6;173.2;178.9;194.6;198.6;205.9;214.1;222.6;207.3;195.0;193.5;185.9;184.6;178.6;168.8;167.5;166.2;175.5;179.2
CC13-0454;    Solid fuels;122.4;123.8;122.2;125.9;132.6;136.4;154.5;182.1;202.0;208.9;200.5;185.1;183.8;176.1;171.2;164.3;165.1;172.7;174.3;171.0;166.8
CC13-04541;      Coal briquettes;103.7;104.7;106.3;108.4;111.4;114.7;127.5;139.9;149.8;162.5;172.6;171.4;195.4;196.8;197.2;194.6;195.0;198.0;196.2;200.2;198.3
CC13-04549;      Firewood, wood pellets or other solid fuels;122.7;124.1;122.5;126.2;133.0;136.7;155.0;182.8;202.9;209.6;200.9;185.3;183.6;175.8;170.8;163.8;164.6;172.3;173.9;170.5;166.2
CC13-0455;    District heating and others;113.6;115.0;116.1;124.2;125.1;127.6;136.5;138.2;138.6;143.1;144.8;87.3;143.1;133.5;135.1;139.5;139.4;139.5;139.4;139.0;139.0
CC13-04550;      District heating and others;113.6;115.0;116.1;124.2;125.1;127.6;136.5;138.2;138.6;143.1;144.8;87.3;143.1;133.5;135.1;139.5;139.4;139.5;139.4;139.0;139.0
CC13-05;Furniture, lighting equipment, appliances etc.;105.7;106.6;107.3;108.3;109.6;110.5;111.5;111.7;112.5;113.7;114.2;114.8;115.6;116.4;116.9;117.5;117.3;117.7;118.1;118.3;118.4
CC13-051;  Furniture, lighting equip., carpets, floor cover.;107.3;108.3;108.9;109.9;111.8;113.1;114.1;114.0;114.9;116.2;116.5;117.3;118.2;119.3;119.8;120.5;120.2;120.7;121.1;121.0;121.0
CC13-0511;    Furniture and lighting equipment;107.6;108.6;109.1;110.1;112.1;113.5;114.5;114.3;115.2;116.6;116.8;117.6;118.6;119.8;120.3;121.0;120.6;121.2;121.6;121.4;121.4
CC13-05111;      Household furniture;106.9;107.8;108.4;109.5;111.4;113.1;114.2;114.3;115.1;116.4;116.7;117.3;118.3;119.4;119.7;120.5;120.1;120.9;121.3;121.3;121.3
CC13-05112;      Garden furniture or camping furniture;118.5;121.2;121.7;117.9;117.3;117.4;117.4;114.7;116.0;119.9;118.6;123.3;126.8;132.0;132.6;133.1;131.6;130.2;129.1;128.7;128.2
CC13-05113;      Lighting equipment;106.7;108.7;108.0;108.3;110.0;109.6;109.8;108.5;110.2;110.5;111.0;111.1;111.0;112.1;112.6;113.3;112.8;112.5;112.7;113.1;113.4
CC13-05119;      Other furnishings;108.2;108.8;109.4;112.1;115.7;116.9;118.2;117.7;118.3;120.0;120.1;121.2;121.7;122.2;123.3;123.6;123.7;124.3;125.0;123.7;123.7
CC13-0512;    Carpets and other elastic floor coverings;103.8;105.1;107.7;108.1;109.2;109.8;110.2;111.7;112.9;112.8;114.2;114.1;114.9;115.3;115.6;116.3;116.6;116.3;116.8;117.9;117.8
CC13-05121;      Carpets;102.8;104.4;107.3;107.4;108.4;109.1;109.3;110.9;111.7;111.5;113.4;112.9;113.5;114.0;114.6;115.2;115.7;115.1;115.6;116.7;116.9
CC13-05122;      Linoleum or other elastic floor coverings;104.2;105.1;107.2;108.5;109.8;110.3;110.4;112.0;113.7;113.7;114.7;114.7;115.6;115.6;114.6;115.6;115.5;115.0;115.4;116.1;115.2
CC13-05123;      Laying and fixing of elastic floor coverings;107.2;108.0;109.6;110.4;111.5;112.0;113.3;114.0;116.0;116.0;116.8;117.8;119.2;119.5;120.9;121.2;121.8;122.7;123.0;124.5;124.7
CC13-0513;    Repair of furniture, lighting equip., floor cover.;105.3;106.5;106.0;106.7;107.0;107.2;107.9;109.1;109.4;109.7;109.9;109.9;110.0;110.5;111.0;112.6;112.6;112.7;112.7;113.9;114.2
CC13-05130;      Repair of furniture, lighting equip., floor cover.;105.3;106.5;106.0;106.7;107.0;107.2;107.9;109.1;109.4;109.7;109.9;109.9;110.0;110.5;111.0;112.6;112.6;112.7;112.7;113.9;114.2
CC13-052;  Household textiles;105.8;106.6;108.0;108.0;108.9;109.7;110.2;110.1;111.8;111.7;112.1;113.6;114.1;113.9;114.8;114.6;114.4;114.3;115.6;116.0;116.3
CC13-0520;    Household textiles;105.8;106.6;108.0;108.0;108.9;109.7;110.2;110.1;111.8;111.7;112.1;113.6;114.1;113.9;114.8;114.6;114.4;114.3;115.6;116.0;116.3
CC13-05201;      Curtains, curtain fabrics, furniture fabrics etc.;107.0;107.0;108.4;107.8;108.1;110.4;109.5;108.4;110.5;110.7;111.6;113.0;113.2;112.5;112.5;113.5;111.6;109.9;113.3;113.6;112.6
CC13-05202;      Bedding and bed linen;104.9;106.6;107.1;107.0;107.7;108.5;110.1;110.0;111.8;111.2;111.0;113.5;114.2;113.3;114.7;114.5;115.6;115.9;117.1;116.7;117.8
CC13-05203;      Table linen and bathroom linen;102.4;102.3;103.8;105.0;107.2;108.6;108.4;108.6;109.9;110.4;111.2;111.4;110.7;111.7;114.6;114.3;112.8;114.0;113.0;115.1;117.2
CC13-05209;      Other household textiles;108.6;109.8;112.8;113.0;113.9;112.2;113.1;113.9;115.5;114.9;115.6;116.6;118.0;119.0;118.2;116.3;117.1;117.7;118.3;118.7;117.9
CC13-053;  Household appliances;102.5;102.9;103.3;104.3;105.0;105.7;107.0;107.2;107.3;109.0;109.3;110.1;111.1;111.0;111.6;112.3;111.2;111.3;111.5;111.8;111.8
CC13-0531;    Major household appliances whether electric or not;102.0;102.6;102.9;103.8;104.5;104.9;106.9;106.9;106.6;108.6;108.7;109.4;110.2;110.1;110.7;111.2;110.0;109.9;110.1;110.7;110.8
CC13-05311;      Refrigerators, freezers and fridge-freezers;103.0;103.4;104.2;105.5;105.3;105.8;107.3;109.0;108.1;110.3;111.0;111.2;109.7;109.9;110.1;111.0;110.1;110.2;109.8;110.5;110.7
CC13-05312;      Washing machines, dishwashers or the like;99.8;101.6;101.6;102.5;103.0;103.4;104.7;104.4;104.3;105.9;105.8;107.1;107.9;108.2;108.9;109.2;108.3;108.0;108.7;108.7;108.8
CC13-05313;      Cookers;102.5;102.4;102.8;101.8;103.5;103.2;104.7;104.7;105.4;106.2;108.1;108.3;109.0;109.3;111.5;111.7;110.0;109.9;110.0;111.3;110.4
CC13-05314;      Room heaters and air conditioners;106.2;105.3;105.8;108.2;110.3;110.0;114.2;113.9;113.3;116.9;115.4;116.1;119.1;117.8;118.3;118.8;116.1;116.0;115.0;117.0;117.8
CC13-05315;      Vacuum cleaners and other cleaning equipment;101.3;101.7;101.2;101.0;101.8;103.4;105.7;104.3;104.1;106.7;106.4;106.5;108.0;107.4;107.3;107.3;107.0;107.0;109.0;108.4;108.1
CC13-05319;      Sewing machine, other major household appliances ;99.0;98.6;98.6;98.6;99.3;100.8;102.7;102.4;101.0;100.7;102.2;102.8;105.4;104.1;104.5;106.9;108.9;108.1;108.1;108.5;107.9
CC13-0532;    Small electric household appliances;103.4;103.3;103.8;105.0;105.9;107.2;107.1;107.5;108.5;109.8;110.6;111.6;113.1;112.9;113.5;114.7;113.2;114.1;113.9;113.8;113.5
CC13-05321;      Electric mixer, blender or the like;102.4;102.2;101.6;103.3;103.5;105.3;104.8;105.5;106.8;107.6;108.4;109.9;110.8;110.8;111.6;113.0;109.4;111.3;111.7;111.3;112.2
CC13-05322;      Coffee machines, tea makers and similar appliances;105.6;105.0;105.9;106.7;107.7;108.0;108.0;108.2;109.0;110.4;110.7;111.4;112.9;112.5;111.9;112.6;113.2;113.4;112.7;113.2;112.6
CC13-05323;      Iron;97.0;98.6;99.2;102.4;100.5;103.7;104.7;106.1;109.6;114.0;113.6;112.3;117.2;115.9;114.6;117.3;116.5;115.3;114.6;117.5;117.1
CC13-05324;      Toaster or barbecue grill;100.0;100.6;102.5;101.0;104.8;106.1;107.0;109.4;110.8;110.6;111.8;112.8;112.9;112.7;113.9;113.4;111.9;112.4;113.5;111.6;111.1
CC13-05329;      Egg boiler, small electric household appliances;102.9;103.7;104.9;106.6;107.8;110.2;109.9;109.6;109.9;111.9;113.6;114.8;116.8;117.4;119.7;122.0;120.1;120.8;120.3;119.6;118.2
CC13-0533;    Repair of household appliances;104.6;105.1;105.6;106.5;106.9;107.6;108.1;108.5;109.5;109.7;110.3;110.7;111.7;112.1;112.8;113.1;114.1;114.7;115.1;115.6;116.3
CC13-05330;      Repair of household appliances;104.6;105.1;105.6;106.5;106.9;107.6;108.1;108.5;109.5;109.7;110.3;110.7;111.7;112.1;112.8;113.1;114.1;114.7;115.1;115.6;116.3
CC13-054;  Glassware, tableware, other semi-durables,durables;104.1;104.0;105.3;106.9;107.6;108.6;109.8;110.3;110.3;111.0;111.5;110.9;111.0;111.7;112.2;112.3;112.0;112.4;112.5;113.7;113.2
CC13-0540;    Glassware, tableware, other semi-durables,durables;104.1;104.0;105.3;106.9;107.6;108.6;109.8;110.3;110.3;111.0;111.5;110.9;111.0;111.7;112.2;112.3;112.0;112.4;112.5;113.7;113.2
CC13-05401;      Tableware, glassware and crystal ware;105.6;105.1;106.5;109.1;109.5;110.7;111.4;112.3;113.2;114.6;114.3;113.4;113.4;114.6;114.5;115.4;115.9;116.3;116.6;118.2;115.9
CC13-05402;      Cutlery, flatware and silverware;103.0;102.5;103.4;104.3;104.8;107.8;108.7;106.7;105.9;107.3;110.1;108.2;107.7;108.9;110.7;110.9;109.4;109.3;108.6;111.5;110.7
CC13-05403;      Non-electric kitchen utensils and articles;103.7;103.8;105.2;106.4;107.3;108.1;109.5;110.0;109.8;110.4;110.8;110.4;110.6;111.1;111.6;111.6;111.1;111.6;111.6;112.7;112.7
CC13-055;  Tools and appliances for house and garden;103.5;103.5;104.4;104.8;105.3;105.6;106.3;106.4;106.7;107.2;108.3;108.7;108.8;109.1;109.4;110.0;110.3;110.9;110.8;110.9;110.8
CC13-0551;    Motor-driven tools or the like for house/garden;101.8;102.0;102.1;101.5;102.2;103.5;103.9;103.5;103.9;103.8;104.7;105.2;105.6;106.2;107.1;107.8;107.8;108.0;108.4;108.3;107.8
CC13-05511;      Motor-driven tools and appliances;101.9;102.1;102.1;101.4;102.2;103.6;104.0;103.6;104.0;103.8;104.8;105.3;105.7;106.3;107.3;108.0;107.9;108.1;108.6;108.4;107.8
CC13-05512;      Rental of motor-driven tools and appliances;101.0;101.4;101.7;102.1;102.3;102.6;102.7;102.7;103.3;103.8;104.0;103.8;104.6;105.1;105.5;106.0;106.1;106.2;106.7;107.1;108.1
CC13-0552;    Gardening tools,equip.,other semi-durables,durabl.;104.2;104.2;105.5;106.4;106.8;106.5;107.5;107.8;107.9;108.7;110.0;110.3;110.3;110.4;110.5;111.0;111.5;112.2;111.9;112.1;112.2
CC13-05521;      Non-electric small tools;105.6;105.9;106.6;107.4;108.3;108.2;109.1;109.8;109.5;110.1;111.7;111.8;112.3;112.5;112.8;113.3;114.7;115.8;115.3;115.5;115.7
CC13-05522;      Other semi-durables and durables for housekeeping;103.5;103.3;104.9;105.9;106.0;105.7;106.6;106.7;107.1;108.1;109.1;109.5;109.3;109.4;109.3;109.9;110.0;110.4;110.2;110.4;110.4
CC13-056;  Goods and services for housekeeping;106.8;108.9;109.6;111.1;112.2;112.9;114.0;115.1;116.3;118.1;119.0;119.9;121.1;122.8;123.3;124.3;124.8;125.6;126.0;125.9;126.7
CC13-0561;    Non-durable goods for housekeeping;105.5;107.2;109.1;110.4;111.9;112.9;114.0;115.6;116.8;117.9;118.4;119.5;120.9;122.8;123.8;124.8;124.9;125.7;125.0;124.9;125.0
CC13-05611;      Cleaning and care products;104.5;106.2;108.6;109.6;112.2;113.2;114.2;115.6;117.0;118.3;119.2;120.9;121.2;122.9;123.2;124.5;126.4;127.4;126.8;127.2;127.4
CC13-05612;      Other non-durable consumer goods;106.4;108.0;109.5;111.0;111.8;112.6;113.8;115.6;116.7;117.6;117.7;118.3;120.7;122.7;124.4;125.0;123.6;124.2;123.4;122.9;123.0
CC13-0562;    Domestic services and other household services;108.3;111.0;110.1;112.0;112.4;113.0;114.1;114.5;115.8;118.4;119.8;120.4;121.3;122.7;122.8;123.7;124.7;125.5;127.3;127.1;128.6
CC13-05621;      Domestic services by paid staff;105.8;111.3;108.8;112.8;113.5;114.7;116.8;118.0;120.7;125.9;127.5;128.3;129.0;132.1;131.8;133.4;133.9;135.1;137.0;136.5;139.9
CC13-05622;      Cleaning of carpets, household linen or the like;103.5;103.9;104.7;105.4;106.1;106.3;107.0;107.0;108.1;109.1;111.0;112.1;113.1;113.1;113.1;113.9;113.7;114.7;115.3;115.5;115.6
CC13-05629;      Other services for housekeeping;111.5;111.9;112.3;112.5;112.6;112.7;112.9;112.7;112.7;113.2;114.4;114.9;115.9;116.0;116.4;116.7;118.3;118.8;120.6;120.7;120.8
CC13-06;Health;101.0;101.1;101.4;101.2;101.5;101.7;101.9;102.0;102.2;102.5;102.6;102.8;103.9;104.2;104.2;104.6;104.8;104.8;105.1;105.2;105.3
CC13-061;  Medical products, appliances and equipment;101.6;101.7;102.2;101.6;102.3;102.8;103.3;103.3;103.8;104.5;104.6;105.2;106.2;106.3;106.2;107.0;107.3;107.3;108.0;108.0;108.2
CC13-0611;    Pharmaceutical products ;101.9;102.1;102.7;102.7;103.1;103.3;103.7;104.0;104.5;104.6;104.9;105.2;105.6;106.1;106.4;106.6;106.8;107.2;108.2;108.2;108.4
CC13-06110;      Pharmaceutical products;101.9;102.1;102.7;102.7;103.1;103.3;103.7;104.0;104.5;104.6;104.9;105.2;105.6;106.1;106.4;106.6;106.8;107.2;108.2;108.2;108.4
CC13-0612;    Other medical products;101.6;101.2;101.7;100.4;100.5;101.6;101.6;101.5;101.5;103.5;103.6;104.5;106.3;105.6;105.5;107.8;107.8;107.4;107.3;106.3;106.5
CC13-06121;      Pregnancy tests, condoms or the like;103.4;103.4;102.7;102.8;103.1;103.4;103.5;104.9;105.1;105.7;105.5;104.7;109.5;108.6;110.1;110.2;110.5;111.5;111.8;112.1;111.6
CC13-06129;      Other medical products n.e.c.;101.4;101.0;101.7;100.2;100.3;101.4;101.4;101.2;101.2;103.3;103.5;104.5;106.0;105.4;105.2;107.6;107.6;107.0;106.9;105.8;106.0
CC13-0613;    Therapeutic appliances and equipment;101.2;101.6;102.1;101.3;102.7;103.3;104.2;104.0;104.8;105.1;105.2;105.7;106.7;107.2;106.6;106.6;107.6;107.4;108.3;109.3;109.6
CC13-06131;      Glasses and contact lenses;100.4;101.1;101.5;100.0;102.3;102.8;103.7;103.6;104.4;104.7;104.9;105.8;106.6;107.1;105.4;105.2;107.1;105.9;107.7;109.0;109.3
CC13-06132;      Hearing aids;102.7;102.1;102.1;102.0;102.0;103.3;103.8;103.5;103.1;103.2;103.1;102.1;103.4;103.3;103.4;103.0;102.9;105.0;104.9;105.5;105.4
CC13-06133;      Repair of therapeutic appliances and equipment;100.5;100.5;101.0;101.4;101.4;101.8;101.8;101.8;101.8;101.9;102.0;102.3;104.1;104.5;106.7;108.0;108.1;109.2;109.2;109.2;109.3
CC13-06139;      Other therapeutic appliances and equipment;104.2;104.5;105.4;105.8;106.3;106.5;108.6;108.3;110.3;110.6;110.5;110.5;111.7;112.6;113.2;113.4;112.5;113.3;112.5;113.7;114.0
CC13-062;  Outpatient services;99.1;99.1;99.3;99.5;99.6;99.6;99.6;99.7;99.7;99.7;99.8;99.8;100.4;100.6;100.7;100.9;101.0;101.1;101.2;101.2;101.3
CC13-0621;    Medical services;100.0;100.0;100.0;100.0;100.0;100.0;100.0;100.0;100.0;100.0;100.0;100.0;100.0;100.0;100.0;100.0;100.0;100.0;100.0;100.0;100.0
CC13-06211;      Medical services of general medicine;100.0;100.0;100.0;100.0;100.0;100.0;100.0;100.0;100.0;100.0;100.0;100.0;100.0;100.0;100.0;100.0;100.0;100.0;100.0;100.0;100.0
CC13-06212;      Medical services of specialists;100.0;100.0;100.0;100.0;100.0;100.0;100.0;100.0;100.0;100.0;100.0;100.0;100.0;100.0;100.0;100.0;100.0;100.0;100.0;100.0;100.0
CC13-0622;    Dental services;95.8;96.0;96.4;96.8;97.0;96.9;96.9;96.9;96.9;96.9;97.0;97.1;98.6;98.9;99.4;99.6;99.9;100.0;100.0;100.0;100.1
CC13-06220;      Dental services;95.8;96.0;96.4;96.8;97.0;96.9;96.9;96.9;96.9;96.9;97.0;97.1;98.6;98.9;99.4;99.6;99.9;100.0;100.0;100.0;100.1
CC13-0623;    Paramedical services;102.8;102.9;103.1;103.5;103.7;103.9;104.1;104.2;104.4;104.7;104.8;104.9;105.8;106.1;106.1;106.8;107.1;107.2;107.6;107.8;108.2
CC13-06231;      Services of laboratories and radiodiagnostics;100.0;100.0;100.0;100.0;100.0;100.0;100.0;100.0;100.0;100.0;100.0;100.0;100.0;100.0;100.0;100.0;100.0;100.0;100.0;100.0;100.0
CC13-06232;      Medicinal baths, physiotherapy, ambulance transp.;105.6;105.9;106.3;107.2;107.6;108.0;108.5;108.7;108.9;109.6;109.7;109.9;111.7;112.3;112.3;113.7;114.2;114.5;115.4;115.7;116.5
CC13-06239;      Other non-medical services;100.6;100.6;100.6;100.7;100.8;100.8;100.8;100.8;101.1;101.2;101.2;101.3;101.4;101.5;101.5;101.7;101.8;101.8;101.9;101.9;102.1
CC13-063;  Hospital services;103.5;103.9;103.9;103.9;103.9;103.9;103.9;103.9;103.9;103.9;103.9;103.9;106.4;107.3;107.3;107.3;107.3;107.3;107.3;107.3;107.3
CC13-0630;    Hospital services;103.5;103.9;103.9;103.9;103.9;103.9;103.9;103.9;103.9;103.9;103.9;103.9;106.4;107.3;107.3;107.3;107.3;107.3;107.3;107.3;107.3
CC13-06300;      Hospital services;103.5;103.9;103.9;103.9;103.9;103.9;103.9;103.9;103.9;103.9;103.9;103.9;106.4;107.3;107.3;107.3;107.3;107.3;107.3;107.3;107.3
CC13-07;Transport;112.8;114.5;122.2;121.4;122.8;118.5;118.0;116.6;124.4;124.3;123.0;121.2;121.3;121.8;122.6;124.6;122.5;122.9;124.3;125.3;125.9
CC13-071;  Purchase of vehicles;108.9;110.4;111.8;112.7;113.3;113.6;114.4;114.7;115.6;116.4;117.3;117.8;118.1;118.5;119.3;119.9;120.4;121.1;121.8;122.2;122.4
CC13-0711;    Passenger cars (excluding campers);109.1;110.7;112.3;113.2;113.7;114.0;114.9;115.3;116.3;117.0;118.1;118.8;119.0;119.4;120.5;121.1;121.7;122.6;123.4;124.0;124.3
CC13-07111;      New passenger car;106.6;107.5;108.0;108.7;109.1;109.4;110.6;111.1;112.2;112.7;113.5;114.3;114.5;114.8;116.1;116.1;116.6;116.9;117.6;118.2;118.3
CC13-07112;      Used passenger car;115.5;119.3;123.5;125.1;125.6;126.0;126.2;126.5;126.9;128.1;130.1;130.6;131.0;131.3;132.0;134.0;135.3;137.5;138.5;139.1;139.8
CC13-0712;    Motorcycles;107.5;108.4;108.6;109.0;110.4;110.7;110.9;111.3;111.5;112.5;112.7;112.6;113.1;113.8;113.5;113.7;113.9;113.5;113.4;113.5;112.8
CC13-07120;      Motorcycles;107.5;108.4;108.6;109.0;110.4;110.7;110.9;111.3;111.5;112.5;112.7;112.6;113.1;113.8;113.5;113.7;113.9;113.5;113.4;113.5;112.8
CC13-0713;    Bicycles;109.8;109.6;111.8;113.9;114.7;115.2;115.0;113.2;114.4;115.8;114.7;113.5;115.1;114.7;114.6;113.8;112.7;114.9;115.2;113.9;112.7
CC13-07130;      Bicycle;109.8;109.6;111.8;113.9;114.7;115.2;115.0;113.2;114.4;115.8;114.7;113.5;115.1;114.7;114.6;113.8;112.7;114.9;115.2;113.9;112.7
CC13-072;  Goods and services for vehicles;119.1;121.6;135.7;131.9;134.3;131.7;128.4;125.7;133.8;133.4;131.6;125.7;127.4;128.1;128.2;129.7;128.3;128.8;129.4;132.2;133.5
CC13-0721;    Spare parts and accessories for vehicles;105.7;106.9;106.1;107.7;109.3;109.5;111.2;111.3;111.5;112.7;115.0;114.8;115.8;117.0;117.3;118.4;119.1;120.0;121.2;121.9;120.0
CC13-07211;      Tyres;107.7;108.7;108.9;110.6;111.8;114.0;115.2;115.0;115.3;117.0;119.2;118.8;120.3;121.2;121.7;125.6;125.6;125.7;126.8;129.0;125.0
CC13-07212;      Other spare parts for cars;104.3;104.9;102.3;103.6;107.4;104.4;108.4;108.7;108.8;109.7;112.3;112.5;113.1;113.9;113.8;112.0;114.2;114.9;115.8;115.7;116.0
CC13-07213;      Accessories for vehicles;103.6;106.0;105.4;106.9;106.9;107.0;107.3;108.0;107.8;108.7;110.5;110.6;110.8;113.2;113.3;112.8;113.4;115.9;117.5;116.5;115.9
CC13-0722;    Fuels and lubricants for vehicles;135.0;140.0;171.7;161.8;166.3;159.6;151.1;144.3;162.5;161.0;155.6;141.7;144.4;144.6;144.3;146.7;142.9;143.2;143.9;149.7;152.9
CC13-07221;      Diesel fuel;141.8;147.2;192.6;178.7;181.3;179.7;174.4;169.6;186.1;187.7;178.1;161.0;162.7;156.9;154.4;151.2;142.7;141.8;145.4;156.7;162.8
CC13-07222;      Supergrade petrol;133.0;138.1;166.2;156.9;162.1;153.9;144.3;136.8;155.7;153.2;148.8;135.6;138.6;140.6;141.0;145.0;142.6;143.3;143.1;147.5;150.0
CC13-07223;      Liquefied petroleum gas and other fuels;149.7;152.5;167.7;188.9;191.3;177.1;169.1;167.8;180.6;184.5;184.2;182.9;185.2;186.2;186.2;184.8;182.2;179.8;177.4;176.0;175.3
CC13-07224;      Motor oil and other lubricants;106.7;107.0;107.3;108.6;109.5;109.8;111.0;112.5;113.3;116.0;118.0;117.4;117.6;117.6;118.5;119.4;120.0;119.8;120.1;118.0;119.3
CC13-0723;    Maintenance and repair of vehicles;107.0;107.7;108.6;109.6;110.2;110.7;111.1;111.8;112.4;113.1;113.7;114.0;115.8;116.6;117.6;119.2;119.7;120.1;120.6;121.3;121.9
CC13-07230;      Maintenance and repair of vehicles;107.0;107.7;108.6;109.6;110.2;110.7;111.1;111.8;112.4;113.1;113.7;114.0;115.8;116.6;117.6;119.2;119.7;120.1;120.6;121.3;121.9
CC13-0724;    Other services for vehicles;107.0;107.0;107.8;108.6;108.9;109.4;110.0;110.2;110.3;110.1;110.9;111.7;111.2;112.5;112.0;112.1;112.3;112.6;113.3;112.9;112.9
CC13-07241;      Rent for cars, garages or parking spaces;121.7;119.0;124.3;130.8;131.4;132.7;136.3;138.1;136.9;133.0;133.1;139.1;131.4;134.0;127.5;127.7;128.1;130.5;133.9;130.6;129.2
CC13-07242;      Road tolls  and parking fees ;106.3;106.4;106.7;106.9;107.5;107.9;108.5;108.8;109.9;110.6;110.9;111.5;113.3;113.7;113.8;114.4;115.8;115.8;117.3;117.6;117.9
CC13-07243;      Driv.school,roadworthiness check motor vehic. etc.;105.4;105.7;106.0;106.2;106.4;106.9;107.1;107.2;107.3;107.4;108.3;108.6;108.8;110.0;110.0;110.2;110.3;110.3;110.6;110.6;110.6
CC13-073;  Transport services;100.8;100.4;100.5;106.0;105.5;86.4;92.0;91.6;112.9;111.7;107.2;113.8;108.4;108.6;111.4;117.8;108.2;108.0;113.4;109.7;108.5
CC13-0731;    Passenger transport by railway;94.3;96.1;93.9;98.1;94.5;84.6;84.8;85.5;94.4;94.1;91.2;93.9;91.3;93.4;95.2;97.4;95.9;95.0;95.0;95.7;99.3
CC13-07311;      Train ticket;94.3;96.1;93.9;98.1;94.5;84.6;84.8;85.5;94.4;94.1;91.2;93.9;91.3;93.4;95.2;97.4;95.9;95.0;95.0;95.7;99.3
CC13-0732;    Passenger transport by road;102.0;101.2;101.8;106.5;104.5;107.7;111.4;113.6;110.5;114.2;113.2;120.2;117.6;117.1;117.0;122.3;125.6;119.7;124.4;123.0;118.6
CC13-07321;      Ticket for long-distance coach;.;.;.;.;.;.;.;.;.;.;.;.;.;.;.;.;.;.;.;.;.
CC13-07322;      Taxi ride and car pools;.;.;.;.;.;.;.;.;.;.;.;.;.;.;.;.;.;.;.;.;.
CC13-0733;    Passenger transport by air;105.6;101.0;104.7;119.0;122.4;139.8;161.2;158.1;151.9;145.2;129.4;151.2;127.5;125.0;135.6;156.7;154.7;156.0;176.5;160.7;153.1
CC13-07331;      Domestic flights;110.0;107.7;111.3;113.8;116.0;119.1;132.8;122.6;130.0;123.3;115.6;113.0;115.0;114.2;115.3;118.7;119.3;121.7;122.0;110.2;121.7
CC13-07332;      International flights;105.3;100.5;104.2;119.4;122.8;141.3;163.2;160.5;153.4;146.8;130.4;153.9;128.3;125.8;137.0;159.3;157.2;158.3;180.3;164.3;155.3
CC13-0734;    Passenger transport by waterway;99.1;102.1;100.2;110.6;111.9;118.8;128.0;123.3;110.5;110.2;108.0;112.1;113.2;117.1;113.9;116.9;115.7;123.8;132.5;121.4;115.0
CC13-07341;      Boat trip by sea;94.0;99.3;94.8;113.3;109.0;123.8;143.4;133.3;106.4;105.7;101.1;109.8;103.2;111.5;104.6;112.8;110.1;127.6;146.0;122.4;108.7
CC13-07342;      Boat trip by inland waterway;103.6;104.5;104.9;108.1;114.4;114.4;114.4;114.4;114.2;114.2;114.2;114.2;122.0;122.0;122.0;120.5;120.5;120.5;120.5;120.5;120.5
CC13-0735;    Combined passenger transport services;103.1;103.1;103.1;103.2;103.2;37.4;37.5;37.6;103.8;103.9;103.9;104.2;107.1;107.2;107.2;108.4;79.6;79.6;79.7;80.1;80.3
CC13-07350;      Combined passenger transport services;103.1;103.1;103.1;103.2;103.2;37.4;37.5;37.6;103.8;103.9;103.9;104.2;107.1;107.2;107.2;108.4;79.6;79.6;79.7;80.1;80.3
CC13-0736;    Other purchased transport services;106.9;107.3;108.3;111.4;111.9;112.5;114.2;114.3;114.6;115.0;117.5;117.6;119.0;119.1;119.6;120.0;121.2;121.6;123.0;124.0;124.7
CC13-07362;      Removal and storage services;106.9;107.3;108.3;111.4;111.9;112.5;114.2;114.3;114.6;115.0;117.5;117.6;119.0;119.1;119.6;120.0;121.2;121.6;123.0;124.0;124.7
CC13-08;Communication;100.0;99.7;99.7;99.4;99.5;99.6;99.5;98.9;98.8;99.3;99.1;99.4;99.4;99.3;99.1;99.2;100.0;99.9;100.0;100.0;100.0
CC13-081;  Postal and parcel services;101.7;101.7;101.7;101.7;101.7;101.7;103.1;103.3;103.3;103.3;103.3;103.3;103.3;103.3;103.3;103.3;103.4;103.4;105.1;105.1;105.1
CC13-0810;    Postal and parcel services;101.7;101.7;101.7;101.7;101.7;101.7;103.1;103.3;103.3;103.3;103.3;103.3;103.3;103.3;103.3;103.3;103.4;103.4;105.1;105.1;105.1
CC13-08101;      Postal services;104.3;104.3;104.3;104.3;104.3;104.3;104.3;104.3;104.3;104.3;104.3;104.3;104.3;104.3;104.3;104.3;104.3;104.3;105.2;105.2;105.2
CC13-08109;      Parcel services;98.9;98.9;98.9;98.9;98.9;98.9;101.9;102.3;102.3;102.3;102.3;102.3;102.3;102.3;102.3;102.3;102.5;102.5;105.1;105.1;105.1
CC13-082;  Telephones and other communication devices;101.6;100.6;100.7;99.3;100.3;100.8;100.8;97.9;98.3;100.8;100.2;101.8;102.2;101.8;100.6;101.1;100.8;100.4;100.5;100.9;100.3
CC13-0820;    Telephones and other communication devices;101.6;100.6;100.7;99.3;100.3;100.8;100.8;97.9;98.3;100.8;100.2;101.8;102.2;101.8;100.6;101.1;100.8;100.4;100.5;100.9;100.3
CC13-08201;      Landline telephone;100.8;100.2;99.7;100.9;102.5;101.5;101.7;104.0;104.7;106.1;106.0;106.3;106.9;106.3;106.5;107.0;105.5;106.8;105.7;106.9;107.6
CC13-08202;      Mobile phone without contract;102.1;102.5;102.5;102.2;103.6;104.2;103.9;103.9;104.4;105.6;105.2;105.1;105.0;103.8;102.7;102.6;102.4;101.6;101.8;101.3;100.6
CC13-08203;      Smartwatch, fitness tracker or the like;101.1;97.3;97.6;93.4;93.6;94.5;94.7;84.7;85.1;90.4;89.3;94.5;95.7;96.9;95.2;96.7;96.7;96.4;96.7;98.7;97.9
CC13-08204;      Repair of telephones;99.3;99.7;99.6;99.8;99.7;99.9;100.3;99.8;99.9;99.9;100.5;100.4;100.8;100.8;101.1;101.2;101.6;101.6;101.7;101.7;101.6
CC13-083;  Telecommunication services;99.4;99.3;99.2;99.2;99.1;99.0;98.8;98.6;98.4;98.4;98.4;98.3;98.3;98.2;98.3;98.2;99.4;99.3;99.2;99.2;99.3
CC13-0830;    Telecommunication services;99.4;99.3;99.2;99.2;99.1;99.0;98.8;98.6;98.4;98.4;98.4;98.3;98.3;98.2;98.3;98.2;99.4;99.3;99.2;99.2;99.3
CC13-08301;      Wire-based telecommunications services;100.8;100.8;100.8;100.7;100.7;100.7;100.7;100.7;101.0;101.7;101.7;101.7;101.6;101.3;103.4;103.2;102.8;103.2;103.2;103.5;103.2
CC13-08302;      Wireless telecommunications services;98.0;97.9;97.7;97.7;97.5;97.4;96.9;96.5;96.1;96.1;96.0;95.9;95.9;95.8;95.7;95.7;95.7;95.5;95.3;95.1;95.3
CC13-08303;      Access to online services and internet ;99.7;99.7;99.7;99.7;99.7;99.7;99.7;99.7;99.7;99.0;98.4;97.8;97.8;97.8;97.8;97.8;97.8;97.8;97.8;97.8;97.8
CC13-08304;      Combined telecommunication services;100.6;100.6;100.5;100.5;100.5;100.5;100.5;100.5;100.5;100.5;100.5;100.5;100.5;100.5;100.5;100.5;102.9;102.9;103.0;103.1;103.1
CC13-09;Recreation, entertainment and culture;103.2;104.3;104.8;105.8;106.4;108.4;110.2;110.5;109.9;109.8;109.5;111.6;109.3;110.8;112.4;112.8;113.6;114.9;116.8;117.2;116.1
CC13-091;  Audio-visual, photogr., inform. processing equipm.;103.3;103.0;102.2;101.6;103.0;104.3;104.5;104.4;104.3;102.8;104.8;104.7;104.5;103.8;104.6;103.7;103.5;103.8;104.1;104.8;104.5
CC13-0911;    Radio and television sets and the like;99.3;98.3;95.4;94.0;95.5;97.4;98.1;98.5;98.4;95.4;99.0;99.2;98.4;97.9;99.5;99.2;98.7;100.2;99.7;100.0;99.8
CC13-09111;      Equip. for reception,recording,reproduc. of sound;103.8;103.3;103.8;105.0;105.3;104.3;104.7;106.1;105.2;107.5;106.7;106.7;107.3;108.6;108.1;109.5;109.3;108.9;111.0;110.4;110.3
CC13-09112;      TV set, satellite kit or the like;96.5;95.0;94.7;94.4;94.3;92.5;93.7;94.0;93.0;93.1;91.7;92.7;93.2;92.5;92.9;92.6;92.2;92.1;90.8;90.3;90.4
CC13-09113;      MP3 player or the like;90.3;88.9;86.7;88.3;90.3;90.8;91.8;91.1;93.3;94.5;94.6;94.5;95.4;95.1;95.3;95.6;95.7;94.6;97.5;95.1;96.4
CC13-09119;      Headphones, E-book-Reader or the like;101.0;100.5;94.0;90.7;94.1;100.5;100.9;101.1;101.9;94.4;104.1;103.6;101.1;100.4;103.8;103.1;102.3;105.8;105.5;106.9;106.3
CC13-0912;    Photographic a. cinematogr. equip., optical instr.;119.1;119.0;121.5;123.8;125.8;124.8;126.2;126.7;125.9;125.7;126.0;126.7;124.2;124.9;130.9;128.3;138.6;124.1;137.6;137.6;139.0
CC13-09121;      Cameras;122.2;120.7;125.2;127.2;129.9;129.1;131.2;131.1;129.3;128.5;131.4;132.9;130.5;130.0;136.7;135.6;152.7;128.2;147.7;150.1;150.2
CC13-09122;      Zoom lens or the like;117.0;119.6;118.8;122.0;123.0;121.0;121.3;123.5;124.4;124.6;119.9;119.5;116.9;120.0;125.9;119.7;118.9;119.7;125.1;120.9;124.6
CC13-09123;      Binocular or other optical equipment;104.3;105.1;105.1;106.2;107.5;108.5;108.3;107.8;107.9;109.7;109.1;108.0;105.9;106.9;108.0;107.0;107.7;110.6;110.1;107.9;110.8
CC13-0913;    Information processing equipment;106.6;107.6;108.5;108.2;109.4;110.2;110.4;109.6;108.9;108.8;109.5;109.2;108.7;107.7;106.9;105.9;105.1;104.8;104.7;105.9;105.1
CC13-09131;      Personal computers;108.9;109.4;110.5;110.5;112.0;112.9;112.7;112.2;111.8;111.6;112.3;112.3;111.7;110.8;109.8;108.8;108.0;106.8;105.9;105.0;103.9
CC13-09132;      Accessories for information processing equipment;107.7;108.7;108.9;108.2;108.3;109.0;109.6;109.1;107.2;107.0;107.6;106.2;106.4;105.5;104.6;104.1;104.0;102.8;103.5;103.3;102.3
CC13-09133;      Operating system or other software;88.8;92.7;94.4;92.1;93.7;94.0;96.0;93.1;92.1;93.2;94.3;94.4;92.8;90.9;91.5;89.6;87.0;95.1;98.1;116.8;118.7
CC13-0914;    Sound, picture and other data storage media;101.5;99.8;100.0;100.9;102.4;103.3;100.7;100.9;103.8;103.0;102.6;102.5;106.0;104.9;105.8;103.0;101.5;105.6;104.1;105.1;105.5
CC13-09141;      Pre-recorded recording media;101.6;99.8;99.9;100.5;102.1;102.8;99.2;98.9;102.7;101.2;100.8;100.8;105.5;103.7;104.7;101.1;99.4;104.8;102.7;103.9;104.4
CC13-09142;      Unrecorded recording media;104.7;105.7;106.2;112.5;114.0;113.4;114.2;115.4;117.1;119.0;119.5;121.3;122.2;122.4;123.9;123.9;122.6;121.6;121.4;121.1;122.4
CC13-09149;      Memory card, USB flash drive or the like;100.5;98.9;99.7;100.7;101.5;103.6;104.1;106.9;105.9;107.4;107.0;106.4;105.5;107.0;107.3;107.0;106.4;106.2;106.9;107.3;107.4
CC13-0915;    Repair of audio-,photo-,inf. proc. equip.;104.2;105.4;105.6;106.1;106.4;106.4;106.8;106.9;107.3;108.0;109.0;108.9;110.0;111.2;111.6;111.6;112.2;113.3;113.4;113.4;113.9
CC13-09150;      Repair of entertainment electronics;104.2;105.4;105.6;106.1;106.4;106.4;106.8;106.9;107.3;108.0;109.0;108.9;110.0;111.2;111.6;111.6;112.2;113.3;113.4;113.4;113.9
CC13-092;  Other durables for recreation and culture;106.5;108.2;107.8;108.9;109.6;110.6;111.9;113.8;114.1;114.2;114.7;116.0;118.4;118.4;118.9;118.8;119.8;118.9;119.9;120.9;120.8
CC13-0921;    Durable consumer goods for outdoor recreation;108.3;110.9;110.9;111.8;113.1;114.5;116.7;119.6;120.1;120.2;120.5;121.8;123.6;123.7;124.1;123.8;125.1;123.3;124.9;126.8;126.5
CC13-09211;      Camper, caravans or other trailers;107.7;110.4;110.5;111.3;113.4;114.6;117.6;122.1;122.3;122.3;123.5;125.6;128.4;128.6;128.5;128.5;128.9;128.9;129.1;130.8;130.8
CC13-09213;      Boats, outboard motors and equipment for boats;110.0;110.7;110.7;112.7;112.8;112.8;112.8;112.3;112.2;111.8;111.4;111.4;111.3;111.3;111.2;112.7;120.6;111.9;112.9;112.9;112.9
CC13-09214;      Harness, reins, saddle or the like;111.6;111.6;110.5;111.1;110.0;114.7;115.6;112.7;116.3;116.5;112.4;110.3;108.5;108.5;111.6;107.5;106.8;96.8;109.8;115.3;114.4
CC13-09215;      Other durables for outdoor recreation and culture;107.2;115.4;116.3;117.0;114.7;114.6;113.8;112.3;112.3;113.7;113.1;113.1;112.3;112.3;114.3;114.5;121.3;121.3;119.4;119.4;118.0
CC13-0922;    Durable consumer goods for indoor recreation;103.6;103.9;102.7;104.4;104.0;104.4;104.2;104.4;104.4;104.5;104.6;104.0;108.0;107.9;108.7;108.7;109.5;110.1;110.1;109.7;109.7
CC13-09221;      Musical instruments;103.6;103.9;102.7;104.4;104.0;104.4;104.2;104.4;104.4;104.5;104.6;104.0;108.0;107.9;108.7;108.7;109.5;110.1;110.1;109.7;109.7
CC13-0923;    Repair of durables for recreation and culture;101.3;101.3;101.3;101.3;101.3;101.3;101.3;101.3;101.3;101.3;106.9;120.1;120.1;120.1;120.1;120.1;120.1;120.1;120.1;120.1;120.1
CC13-09230;      Repair of durables for recreation and culture;101.3;101.3;101.3;101.3;101.3;101.3;101.3;101.3;101.3;101.3;106.9;120.1;120.1;120.1;120.1;120.1;120.1;120.1;120.1;120.1;120.1
CC13-093;  Other goods a.services f.recreation a.garden,pets;105.3;106.3;106.5;107.8;108.0;109.3;108.6;109.1;110.2;111.1;113.2;115.9;117.1;118.5;119.4;119.8;120.2;120.9;120.8;120.0;120.5
CC13-0931;    Games, toys and hobby goods;105.0;105.3;101.6;103.5;99.9;104.9;101.2;101.2;103.2;103.4;105.2;103.5;105.9;105.3;106.5;105.3;105.3;108.8;107.7;103.9;106.6
CC13-09311;      Games and hobby goods;105.2;104.8;96.5;100.5;94.6;103.8;96.2;96.0;99.2;99.0;103.8;99.0;103.3;101.8;103.3;101.9;100.8;108.2;105.8;98.8;103.5
CC13-09312;      Toys and celebration articles;104.7;105.8;106.7;106.4;105.2;106.1;106.2;106.4;107.2;107.8;106.6;108.0;108.6;108.8;109.6;108.8;109.8;109.4;109.5;109.0;109.7
CC13-0932;    Goods and services for sport, camping, recreation;104.2;104.3;105.2;106.6;107.2;107.9;107.6;108.4;108.1;109.2;108.8;108.0;107.5;108.1;108.2;107.9;109.0;108.5;108.6;108.9;109.3
CC13-09321;      Sport equipment;104.0;104.0;105.0;106.3;107.0;107.8;107.2;108.1;107.7;108.8;108.4;107.6;106.1;107.0;106.7;106.4;107.5;107.3;107.5;108.0;108.4
CC13-09322;      Equipment for camping and outdoor recreation ;104.8;105.4;106.2;108.1;108.7;108.8;109.5;110.1;110.7;111.0;111.3;110.1;114.5;113.6;116.0;115.8;116.5;115.1;114.1;113.5;113.7
CC13-0933;    Garden products, plants and flowers;108.2;110.3;111.1;111.6;113.1;113.2;112.8;112.7;113.1;114.7;116.1;117.6;119.0;121.3;121.1;122.2;122.8;122.9;122.2;122.1;121.8
CC13-09331;      Products for gardening;106.1;107.5;108.9;110.2;111.6;112.1;112.8;112.9;113.6;115.1;116.7;116.6;118.1;119.9;121.0;122.9;123.2;123.1;123.3;123.6;123.4
CC13-09332;      Plants and flowers;109.3;111.7;112.2;112.3;113.8;113.7;112.8;112.5;112.8;114.5;115.9;118.1;119.4;122.0;121.2;121.9;122.6;122.9;121.6;121.3;120.9
CC13-0934;    Pets, including semi-durables and non-durables;103.9;105.0;106.9;109.4;110.4;111.2;111.8;113.6;115.9;116.7;118.1;119.7;121.0;123.9;126.6;127.8;128.1;128.4;129.6;129.4;129.5
CC13-09341;      Budgerigar, ornamental fish or other pet;110.0;110.3;110.9;111.9;113.1;112.1;113.7;114.9;115.7;118.1;118.5;117.2;118.1;120.0;119.6;121.5;122.3;122.4;122.3;122.4;123.0
CC13-09342;      Goods for pets;103.5;104.6;106.7;109.2;110.2;111.2;111.6;113.5;115.9;116.6;118.0;119.8;121.2;124.2;127.1;128.2;128.5;128.8;130.1;129.8;129.9
CC13-0935;    Veterinary and other services for pets;101.3;101.3;101.3;101.3;101.3;101.3;101.3;101.3;101.3;101.3;112.7;139.3;139.3;139.3;139.3;139.3;139.3;139.3;139.3;139.3;139.3
CC13-09350;      Veterinary and other services for pets;101.3;101.3;101.3;101.3;101.3;101.3;101.3;101.3;101.3;101.3;112.7;139.3;139.3;139.3;139.3;139.3;139.3;139.3;139.3;139.3;139.3
CC13-094;  Recreational and cultural services;105.1;105.0;105.2;105.6;105.9;106.2;106.8;106.8;107.1;107.3;107.4;107.6;108.1;108.4;108.5;109.0;109.2;109.5;109.6;109.9;110.0
CC13-0941;    Sporting and recreational services;102.9;102.9;103.4;104.5;105.2;105.5;106.1;106.4;106.7;107.2;107.1;107.8;108.0;108.7;109.0;109.9;110.5;111.0;111.1;111.9;112.2
CC13-09411;      Visit to sporting events and recreational events;102.6;102.6;104.9;108.7;109.4;110.0;111.2;110.7;110.5;110.5;108.4;109.0;107.6;109.9;110.8;113.7;113.8;113.9;114.1;114.6;115.9
CC13-09412;      Recreational and sporting services;102.9;103.0;103.1;103.6;104.2;104.5;104.9;105.4;105.9;106.4;106.8;107.5;108.1;108.5;108.6;109.1;109.8;110.3;110.4;111.3;111.4
CC13-0942;    Cultural services;104.1;103.9;104.0;104.2;104.4;104.8;105.0;104.9;105.3;105.5;105.7;105.7;106.3;106.5;106.4;107.1;107.1;107.3;107.3;107.4;107.4
CC13-09421;      Visit to cinema, theater, concert, circus;102.4;102.2;102.5;102.6;102.5;103.4;103.8;104.1;104.6;105.2;105.9;106.5;106.7;106.6;106.7;107.0;107.6;107.9;108.2;108.9;110.1
CC13-09422;      Visit to the museum, to the zoo or the like;101.6;101.9;102.6;105.1;106.3;106.7;107.2;107.2;107.3;107.6;107.1;107.1;108.0;108.7;109.2;110.9;111.0;111.5;111.7;111.8;111.9
CC13-09423;      Radio and television licence fee;105.2;105.2;105.0;104.5;104.6;104.6;104.8;104.8;104.8;104.7;105.2;104.8;105.7;105.5;105.2;105.8;105.8;105.8;105.5;105.7;105.4
CC13-09425;      Photographic services;106.6;103.3;103.3;107.0;107.3;109.2;109.5;105.8;110.5;111.1;107.2;108.5;107.9;113.0;112.5;114.3;110.7;110.7;113.3;108.4;106.1
CC13-0943;    Games of chance;109.2;109.2;109.4;109.4;109.4;109.4;110.5;110.5;110.5;110.5;110.5;110.5;111.2;111.2;111.2;111.2;111.2;111.6;111.6;111.6;111.6
CC13-09430;      Service charge for games of chance;109.2;109.2;109.4;109.4;109.4;109.4;110.5;110.5;110.5;110.5;110.5;110.5;111.2;111.2;111.2;111.2;111.2;111.6;111.6;111.6;111.6
CC13-095;  Print products, stationery and drawing materials;105.5;104.9;104.6;105.6;107.1;107.8;107.6;107.9;108.8;109.7;110.2;111.3;112.2;111.8;111.9;112.3;114.0;114.7;115.0;115.2;115.3
CC13-0951;    Books;106.0;104.5;101.9;103.5;103.1;105.1;103.4;103.7;105.6;106.7;107.6;110.2;110.8;109.9;108.4;108.6;109.0;110.5;110.0;110.6;110.3
CC13-09511;      Fiction books;107.0;106.1;101.8;104.0;102.0;106.6;102.9;103.1;105.5;107.1;106.7;110.1;112.6;111.8;107.9;108.2;106.1;108.1;107.7;108.4;110.4
CC13-09512;      Educational textbook;103.0;102.9;103.1;103.1;103.1;103.1;103.1;103.1;103.1;103.1;103.1;103.1;108.1;108.5;108.5;108.5;108.5;108.5;108.6;108.6;108.6
CC13-09513;      Other books;104.2;102.6;101.4;103.1;104.4;104.5;103.5;104.3;105.1;105.6;108.0;111.0;109.9;109.1;108.6;108.7;111.7;112.8;112.5;112.5;110.3
CC13-09514;      E-book download;111.6;107.1;103.2;104.2;102.6;103.2;105.2;104.3;110.1;113.1;113.9;113.9;110.0;106.8;110.1;110.1;111.0;112.7;111.5;113.6;111.2
CC13-0952;    Newspapers and periodicals;106.4;107.3;107.8;108.4;109.0;109.6;110.1;110.4;110.6;111.3;111.7;112.8;113.7;114.9;115.6;115.9;116.2;116.8;117.4;117.5;117.7
CC13-09521;      Daily and weekly newspapers;106.7;107.7;108.0;108.7;109.3;109.7;110.2;110.4;110.7;111.7;112.0;112.5;113.9;114.4;115.1;115.6;115.9;116.7;117.5;117.7;117.9
CC13-09522;      Magazines and periodicals ;105.8;106.4;107.4;107.6;108.3;109.5;110.1;110.4;110.4;110.4;110.9;113.4;113.4;116.1;116.5;116.8;116.9;117.0;117.0;117.0;117.2
CC13-0953;    Miscellaneous printed matter;103.6;100.5;100.6;100.8;106.7;105.4;105.5;105.7;106.3;106.3;106.4;105.7;106.7;102.9;103.3;103.6;110.8;110.8;112.1;112.4;112.3
CC13-09530;      Miscellaneous printed matter;103.6;100.5;100.6;100.8;106.7;105.4;105.5;105.7;106.3;106.3;106.4;105.7;106.7;102.9;103.3;103.6;110.8;110.8;112.1;112.4;112.3
CC13-0954;    Stationery and drawing materials;105.1;105.8;106.8;108.9;110.2;111.1;111.6;112.0;113.3;115.3;116.1;117.1;118.2;119.7;120.6;121.5;121.3;121.9;121.7;121.4;122.0
CC13-09541;      Paper products;110.7;109.4;111.3;116.1;119.9;121.4;123.3;126.9;127.6;130.8;129.4;132.5;134.5;137.0;139.4;142.1;139.4;141.4;140.1;138.6;138.9
CC13-09549;      Other stationery and drawing materials;103.5;104.8;105.5;106.8;107.5;108.2;108.3;107.8;109.2;110.9;112.4;112.8;113.5;114.8;115.3;115.6;116.2;116.3;116.5;116.5;117.2
CC13-096;  Package holidays;91.8;98.9;103.5;107.2;106.9;117.2;131.4;131.5;123.5;121.3;111.1;120.5;97.5;106.9;116.7;118.3;121.4;128.8;143.2;145.6;136.2
CC13-0960;    Package holidays;91.8;98.9;103.5;107.2;106.9;117.2;131.4;131.5;123.5;121.3;111.1;120.5;97.5;106.9;116.7;118.3;121.4;128.8;143.2;145.6;136.2
CC13-09601;      Package domestic holidays;77.8;83.9;99.9;112.5;117.9;114.9;110.4;107.8;120.0;114.3;110.5;111.7;90.4;99.1;113.8;125.6;135.1;130.7;116.7;116.8;130.4
CC13-09602;      Package international holidays;92.6;99.8;103.7;106.9;106.3;117.3;132.6;132.9;123.7;121.8;111.1;121.1;97.9;107.4;116.9;117.8;120.6;128.7;144.8;147.4;136.5
CC13-10;Education;104.0;104.1;104.3;104.2;104.3;104.3;104.4;103.6;105.6;106.4;106.6;106.7;107.7;108.0;108.2;108.3;108.4;108.4;108.5;107.4;110.2
CC13-101;  Services of pre-primary and primary education;105.4;105.4;105.5;105.5;105.5;105.6;105.6;103.1;106.9;107.0;107.1;107.1;108.4;108.6;108.8;108.8;108.8;108.9;108.9;106.3;111.3
CC13-1010;    Services of pre-primary and primary education;105.4;105.4;105.5;105.5;105.5;105.6;105.6;103.1;106.9;107.0;107.1;107.1;108.4;108.6;108.8;108.8;108.8;108.9;108.9;106.3;111.3
CC13-10101;      Services of elementary sector;105.8;105.9;106.0;105.9;106.0;106.1;106.1;103.1;107.4;107.4;107.6;107.6;108.9;108.9;109.2;109.2;109.2;109.3;109.3;106.1;111.5
CC13-10102;      Fee for primary school or class 1 - 4;102.3;102.1;102.2;102.2;102.2;102.2;102.2;103.4;103.7;103.7;103.7;103.7;104.9;105.9;106.0;106.0;106.0;106.0;106.0;107.3;109.9
CC13-102;  Services of secondary education;101.5;101.5;101.9;101.9;101.9;101.9;101.9;103.3;103.1;103.1;103.1;103.1;103.7;104.2;104.2;104.2;104.2;104.2;104.3;105.3;106.5
CC13-1020;    Services of secondary education;101.5;101.5;101.9;101.9;101.9;101.9;101.9;103.3;103.1;103.1;103.1;103.1;103.7;104.2;104.2;104.2;104.2;104.2;104.3;105.3;106.5
CC13-10200;      Fee for secondary school;101.5;101.5;101.9;101.9;101.9;101.9;101.9;103.3;103.1;103.1;103.1;103.1;103.7;104.2;104.2;104.2;104.2;104.2;104.3;105.3;106.5
CC13-104;  Services of tertiary education;102.4;102.5;102.7;102.2;102.2;101.6;102.0;102.3;103.1;107.0;107.2;107.6;108.1;108.5;108.6;109.2;109.3;109.4;109.2;109.2;109.3
CC13-1040;    Services of tertiary education;102.4;102.5;102.7;102.2;102.2;101.6;102.0;102.3;103.1;107.0;107.2;107.6;108.1;108.5;108.6;109.2;109.3;109.4;109.2;109.2;109.3
CC13-10400;      University tuition fee and/or registration fee;102.4;102.5;102.7;102.2;102.2;101.6;102.0;102.3;103.1;107.0;107.2;107.6;108.1;108.5;108.6;109.2;109.3;109.4;109.2;109.2;109.3
CC13-105;  Education services not definable by level;103.5;104.0;104.2;104.4;104.8;104.9;105.2;105.9;106.3;106.8;107.5;107.6;108.4;109.2;109.5;109.6;109.5;109.8;109.9;110.1;110.8
CC13-1050;    Education services not definable by level;103.5;104.0;104.2;104.4;104.8;104.9;105.2;105.9;106.3;106.8;107.5;107.6;108.4;109.2;109.5;109.6;109.5;109.8;109.9;110.1;110.8
CC13-10500;      Education services not definable by level;103.5;104.0;104.2;104.4;104.8;104.9;105.2;105.9;106.3;106.8;107.5;107.6;108.4;109.2;109.5;109.6;109.5;109.8;109.9;110.1;110.8
CC13-11;Restaurant and accommodation services;105.2;105.8;106.4;107.7;109.1;110.6;112.1;112.7;113.5;113.6;114.2;114.7;116.1;116.9;117.6;118.3;119.2;119.9;120.6;120.7;121.0
CC13-111;  Restaurant services;105.6;106.2;106.8;107.9;109.0;110.4;111.5;112.3;113.0;113.7;115.0;115.8;117.1;117.8;118.3;118.7;119.2;119.7;120.1;120.5;121.0
CC13-1111;    Restaurants, cafes, street sale and the like;105.8;106.4;107.1;108.2;109.3;110.9;112.1;112.9;113.6;114.3;115.6;116.5;117.7;118.4;118.9;119.3;119.8;120.3;120.7;121.1;121.6
CC13-11111;      Food and beverages in restaurants, cafes, bars;105.4;105.8;106.4;107.6;108.7;110.1;111.1;111.7;112.2;112.9;114.2;115.1;116.0;116.6;116.9;117.3;117.7;118.2;118.6;119.0;119.5
CC13-11112;      Food and beverages in fast food rest. or the like;106.5;107.2;108.0;108.9;110.1;111.9;113.3;114.3;115.2;116.0;117.4;118.2;119.8;120.6;121.5;121.9;122.5;123.0;123.3;123.8;124.2
CC13-1112;    Services in canteens;104.0;104.3;104.5;105.2;106.0;106.5;107.1;107.4;108.2;108.9;109.9;110.1;112.3;112.8;113.1;113.7;114.1;114.3;114.8;115.2;115.9
CC13-11120;      Services in canteens;104.0;104.3;104.5;105.2;106.0;106.5;107.1;107.4;108.2;108.9;109.9;110.1;112.3;112.8;113.1;113.7;114.1;114.3;114.8;115.2;115.9
CC13-112;  Accommodation ;103.4;104.2;104.8;107.3;109.8;111.4;114.3;114.3;115.3;113.5;111.2;110.7;112.7;113.6;115.0;116.8;119.0;121.0;122.3;121.6;120.9
CC13-1120;    Accommodation;103.4;104.2;104.8;107.3;109.8;111.4;114.3;114.3;115.3;113.5;111.2;110.7;112.7;113.6;115.0;116.8;119.0;121.0;122.3;121.6;120.9
CC13-11201;      Accomodation services of hotels, inns or the like;102.7;103.8;104.3;107.1;109.2;110.7;113.0;113.1;117.3;115.1;113.0;111.9;112.7;113.5;114.9;116.4;118.1;120.7;120.4;119.5;121.3
CC13-11202;      Accomod.services, holiday villages, camping sites;105.5;105.7;106.4;108.5;112.4;114.7;119.6;119.5;111.7;110.1;107.3;107.9;112.7;113.8;115.4;118.2;122.0;122.6;128.8;128.5;120.3
CC13-11203;      Accommodation services of other establishments;101.6;102.4;102.4;102.4;103.0;103.5;103.5;104.2;104.2;106.3;106.3;106.3;113.3;113.3;114.6;114.7;115.3;115.3;115.7;115.7;117.0
CC13-12;Miscellaneous goods and services;103.8;104.0;104.3;104.9;105.4;105.6;106.0;106.5;107.2;108.0;108.5;108.8;110.3;111.0;111.3;111.8;112.3;113.1;113.7;114.2;114.5
CC13-121;  Personal care;105.1;105.4;106.2;107.1;108.2;109.0;109.6;110.6;111.9;113.4;114.6;115.5;116.4;117.2;117.8;118.6;119.2;119.7;119.4;119.8;120.1
CC13-1211;    Hairdressing services, other serv. for pers. care;106.3;106.6;107.2;107.8;108.2;108.6;109.5;109.9;110.6;112.2;113.3;113.6;114.5;115.2;115.7;116.0;116.4;116.7;117.0;117.4;117.5
CC13-12111;      Hairdressing services for men and children;108.5;109.0;109.6;110.3;110.8;111.2;112.1;112.9;113.7;115.5;117.1;117.5;118.5;119.1;119.5;119.8;120.4;120.7;120.9;121.6;121.5
CC13-12112;      Hairdressing services for women;106.9;107.2;107.7;108.6;109.0;109.4;110.4;110.8;111.6;113.4;114.6;114.9;115.7;116.5;117.1;117.4;117.8;118.2;118.4;119.0;119.1
CC13-12113;      Other services for personal care;103.8;104.1;104.5;104.6;105.1;105.4;106.0;106.2;106.8;107.7;108.5;108.8;109.6;110.1;110.5;110.8;111.2;111.3;111.7;111.8;112.1
CC13-1212;    Electrical appliances for personal care;102.7;102.2;103.1;103.4;104.5;103.7;102.3;103.4;104.4;106.4;107.4;109.1;110.8;110.7;111.2;111.1;110.8;110.8;111.2;111.9;111.1
CC13-12121;      Electrical appliances for personal care;102.7;102.2;103.1;103.4;104.5;103.7;102.3;103.4;104.4;106.4;107.4;109.1;110.8;110.7;111.2;111.1;110.8;110.8;111.2;111.9;111.1
CC13-1213;    Other articles and products for personal care;104.0;104.4;105.4;106.5;108.3;109.6;110.0;111.6;113.4;114.9;116.1;117.5;118.4;119.4;120.1;121.3;122.2;122.8;122.0;122.4;122.8
CC13-12131;      Non-electrical consumer goods for personal care;103.8;104.3;104.8;105.8;105.7;105.7;106.2;106.7;107.5;108.2;108.5;109.4;109.9;110.6;111.8;112.9;113.9;114.5;115.7;115.8;115.7
CC13-12132;      Non-durable consumer goods for personal care;104.0;104.4;105.4;106.6;108.5;109.9;110.4;112.0;113.9;115.5;116.7;118.2;119.1;120.2;120.8;122.0;122.9;123.5;122.5;123.0;123.4
CC13-123;  Personal effects n.e.c.;103.3;103.7;103.8;105.4;106.0;105.9;106.6;107.6;108.4;109.2;109.9;109.8;110.8;111.5;111.7;112.1;112.4;113.0;112.8;111.8;112.0
CC13-1231;    Jewellery, clocks and watches;104.7;105.1;105.0;107.3;108.1;107.8;108.9;110.2;111.2;112.0;113.1;113.1;113.7;114.2;114.3;114.4;115.0;115.6;115.1;113.9;114.2
CC13-12311;      Jewellery;105.8;105.9;106.4;109.4;110.4;109.7;111.2;112.9;114.0;115.1;116.2;115.8;116.6;116.8;116.1;116.0;117.0;117.7;117.1;115.5;116.0
CC13-12312;      Watch or other clocks;102.0;102.9;101.2;102.2;102.3;102.7;102.9;103.4;103.9;104.0;104.8;105.5;106.1;107.2;109.2;109.7;109.3;109.6;109.2;108.9;108.7
CC13-12313;      Repair of a clock or jewellery;105.0;106.0;106.4;107.1;108.4;109.5;109.7;111.0;113.8;114.8;115.9;116.6;117.5;117.8;118.1;119.0;119.0;120.5;121.0;121.0;121.8
CC13-1232;    Other personal effects;101.2;101.8;102.1;102.5;102.7;103.1;103.2;103.7;104.3;105.0;105.2;105.0;106.4;107.6;107.8;108.8;108.5;109.1;109.4;108.8;108.6
CC13-12321;      Travel goods and other leather goods;100.7;101.0;101.3;101.9;102.5;102.6;102.1;102.7;103.4;104.2;104.6;104.2;105.4;107.2;106.9;108.2;107.8;108.3;108.8;108.1;107.9
CC13-12322;      Baby equipment;102.6;103.9;102.9;102.7;101.0;101.4;102.6;102.2;102.5;104.0;103.3;101.9;104.6;105.8;107.9;108.3;107.2;107.0;107.0;105.6;104.7
CC13-12329;      Other personal effects;101.4;102.0;102.9;103.3;103.8;104.6;105.1;105.9;106.4;106.7;107.0;107.7;108.9;108.9;109.1;109.9;110.2;111.2;111.4;111.3;111.4
CC13-124;  Social protection services;101.2;101.4;101.5;102.3;102.5;102.7;103.5;104.0;105.1;106.1;107.3;107.7;110.1;111.0;111.4;112.9;113.7;114.0;115.5;116.2;116.8
CC13-1240;    Social protection services;101.2;101.4;101.5;102.3;102.5;102.7;103.5;104.0;105.1;106.1;107.3;107.7;110.1;111.0;111.4;112.9;113.7;114.0;115.5;116.2;116.8
CC13-12401;      Child care services;104.9;104.9;105.0;104.9;105.0;105.1;105.1;105.1;105.7;105.8;106.0;106.0;109.8;109.9;110.4;110.4;110.5;110.5;110.8;111.1;112.2
CC13-12402;      Sheltered housing for elderly persons or the like;99.6;99.7;99.9;100.6;100.8;100.9;101.8;102.4;102.9;103.5;104.4;104.7;107.3;108.4;108.6;109.6;110.2;110.5;112.2;112.9;113.4
CC13-12403;      Domestic care services, elderly, disabled persons;106.2;106.4;106.9;107.9;108.6;109.0;109.9;110.2;114.3;116.9;120.0;120.7;122.0;122.7;123.7;127.7;129.6;130.0;131.4;132.6;133.0
CC13-125;  Insurance services;103.1;103.4;103.5;103.3;103.4;103.1;103.1;103.1;103.1;104.0;103.7;103.7;104.6;105.6;105.4;104.9;105.0;107.2;108.1;109.2;109.5
CC13-1252;    Insurance services connected with the dwelling;96.4;96.4;96.4;96.4;96.4;93.6;93.6;93.6;93.6;93.6;93.6;93.6;93.1;93.1;93.2;93.2;93.6;93.6;93.6;92.4;92.4
CC13-12520;      Premium for home contents insurance;96.4;96.4;96.4;96.4;96.4;93.6;93.6;93.6;93.6;93.6;93.6;93.6;93.1;93.1;93.2;93.2;93.6;93.6;93.6;92.4;92.4
CC13-1253;    Insurance services connected with health;105.1;105.1;105.2;105.2;105.2;105.2;105.2;105.2;105.2;105.2;105.2;105.2;107.0;107.0;107.0;107.0;107.0;107.0;106.9;106.9;106.9
CC13-12532;      Insurance services conn. with accident and health;105.1;105.1;105.2;105.2;105.2;105.2;105.2;105.2;105.2;105.2;105.2;105.2;107.0;107.0;107.0;107.0;107.0;107.0;106.9;106.9;106.9
CC13-1254;    Insurance services connected with transport;102.1;102.1;102.1;101.9;102.0;102.0;102.0;102.0;102.0;104.5;104.0;103.9;103.9;106.6;106.1;104.7;104.8;110.8;113.1;116.6;117.4
CC13-12541;      Insurance serv. conn. with means of privat transp.;102.1;102.1;102.1;101.8;102.0;102.0;102.0;102.0;102.0;104.5;104.0;103.9;103.9;106.6;106.1;104.6;104.7;110.8;113.2;116.6;117.4
CC13-12542;      Insurance services conn. with travel and luggage;103.2;103.2;104.5;104.5;104.5;104.5;104.5;104.5;104.5;104.5;104.5;105.2;105.2;105.2;105.2;110.0;110.0;110.0;110.0;110.0;110.0
CC13-1255;    Other insurance services;104.5;106.2;106.2;105.5;105.7;105.7;105.7;105.7;105.7;105.7;105.0;105.0;106.6;106.6;106.6;106.6;106.5;106.7;106.7;106.7;106.4
CC13-12550;      Other insurance services;104.5;106.2;106.2;105.5;105.7;105.7;105.7;105.7;105.7;105.7;105.0;105.0;106.6;106.6;106.6;106.6;106.5;106.7;106.7;106.7;106.4
CC13-126;  Financial services n.e.c.;106.4;106.5;106.8;108.0;108.0;108.0;108.1;108.3;108.4;108.6;108.6;108.6;109.6;109.6;109.6;109.6;109.9;109.9;109.9;110.0;110.0
CC13-1262;    Other financial services n.e.c.;106.4;106.5;106.8;108.0;108.0;108.0;108.1;108.3;108.4;108.6;108.6;108.6;109.6;109.6;109.6;109.6;109.9;109.9;109.9;110.0;110.0
CC13-12621;      Charges f. financial services of banks or the like;105.7;105.9;106.2;108.0;108.0;108.0;108.2;108.5;108.5;108.8;108.8;108.8;109.4;109.4;109.4;109.5;109.8;109.8;109.8;110.1;110.1
CC13-12622;      Charges for investment counceling, tax advise;108.1;108.1;108.1;108.1;108.1;108.1;108.1;108.1;108.1;108.1;108.1;108.1;109.9;109.9;109.9;109.9;109.9;109.9;109.9;109.9;109.9
CC13-127;  Other services n.e.c.;106.8;107.3;107.7;108.2;109.0;109.5;109.7;109.8;109.8;109.7;108.9;109.0;110.9;111.5;111.9;112.4;113.2;114.1;114.2;114.3;114.4
CC13-1270;    Other services n.e.c.;106.8;107.3;107.7;108.2;109.0;109.5;109.7;109.8;109.8;109.7;108.9;109.0;110.9;111.5;111.9;112.4;113.2;114.1;114.2;114.3;114.4
CC13-12701;      Administrative fee;109.2;109.2;110.2;110.2;110.2;110.2;110.3;110.3;110.3;110.7;110.6;110.6;111.0;111.2;111.2;111.2;111.2;111.2;111.2;111.2;111.2
CC13-12702;      Legal advise, fee for lawyer's, notary's services;111.4;111.4;111.4;111.4;111.4;111.4;111.4;111.4;111.4;111.4;111.4;111.4;114.4;114.4;114.4;114.4;114.4;114.4;114.4;114.4;114.4
CC13-12703;      Charge for funeral services or cemetery fee;104.6;105.8;106.1;106.5;106.9;107.7;108.2;108.3;108.5;108.7;108.9;109.0;110.1;111.3;111.8;112.3;112.2;114.0;114.1;114.3;114.5
CC13-12704;      Other fees and services;94.9;94.6;97.0;100.3;109.0;110.1;110.1;110.7;109.5;105.6;94.8;96.0;98.8;98.6;101.2;104.8;115.8;117.3;118.2;118.2;116.9
__________;;;;;;;;;;;;;;;;;;;;;;
 Federal Statistical Office, Wiesbaden 2023;;;;;;;;;;;;;;;;;;;;;;
created: 2023-11-05 / 13:30:43;;;;;;;;;;;;;;;;;;;;;;